rank,residual_name,freq,cumulative_pct,type,residual_values(top15),cand1_ref,cand1_values,宏基因组相关,合并到(据字典),饼图分类,通用(meta-analysis),reason
1,geo_loc_name,24014252,2.8202,,,geographic location,,,合并→ geographic location,Geography,是,
2,collection_date,23697702,5.6032,,2017(155724) ; 2016(154447) ; 2018(137197) ; 2015(135538) ; 2014(109665) ; 2019(92684) ; 2013(91439) ; 2012(69730) ; 2020(56084) ; 2011(44976) ; 2010(41268) ; 2009(29281) ; 2008(24953) ; 2017-07(20458) ; 2017-06(18700),collection date,2017(155724) ; 2016(154447) ; 2018(137197) ; 2015(135538) ; 2014(109665) ; 2019(92684) ; 2013(91439) ; 2012(69730) ; 2020(56084) ; 2011(44976) ; 2010(41268) ; 2009(29281) ; 2008(24953) ; 2017-07(20458) ; 2017-06(18700),,规范键(其他并入它),Time,是,
3,isolation_source,16915243,7.5896,,human gut(210860) ; feces(144921) ; stool(130999) ; human(117253) ; soil(104511) ; blood(61923) ; sputum(45943) ; nasal(44995) ; clinical(29319) ; urine(25803) ; cattle rumen(25508) ; sterile site(24177) ; water(23279) ; nasopharyngeal swab(20991) ; seawater(18528),isolation source,human gut(210860) ; feces(144921) ; stool(130999) ; human(117253) ; soil(104511) ; blood(61923) ; sputum(45943) ; nasal(44995) ; clinical(29319) ; urine(25803) ; cattle rumen(25508) ; sterile site(24177) ; water(23279) ; nasopharyngeal swab(20991) ; seawater(18528),,规范键(其他并入它),Sample,是,
4,isolate,14926099,9.3425,,1(7440) ; RNA(7354) ; patient(4977) ; cell line(2851) ; 2(2286) ; DNA(2187) ; Human(2104) ; 3(1911) ; soil(1837) ; human(1810) ; blood(1753) ; 3D7(1707) ; HEK293(1545) ; 4(1438) ; Hek293(1437),isolate,1(7440) ; RNA(7354) ; patient(4977) ; cell line(2851) ; 2(2286) ; DNA(2187) ; Human(2104) ; 3(1911) ; soil(1837) ; human(1810) ; blood(1753) ; 3D7(1707) ; HEK293(1545) ; 4(1438) ; Hek293(1437),,规范键(其他并入它),Sample,是,
5,sample name,14532563,11.0492,,1(1103) ; 3(731) ; 4(694) ; 5(642) ; 6(613) ; 7(589) ; 8(580) ; 10(555) ; 11(545) ; 14(469) ; 16(467) ; 15(466) ; 18(444) ; 19(425) ; 23(392),sample name,1(1103) ; 3(731) ; 4(694) ; 5(642) ; 6(613) ; 7(589) ; 8(580) ; 10(555) ; 11(545) ; 14(469) ; 16(467) ; 15(466) ; 18(444) ; 19(425) ; 23(392),,规范键(其他并入它),Admin,否,
6,INSDC center name,14431765,12.744,freetext/high-card,"Wellcome Sanger Institute(656032) ; SC(585345) ; Robert Koch Institute(121803) ; University of California San Diego Microbiome Initiative(111896) ; UCSDMI(110620) ; EBI(94836) ; EMG(94730) ; IPK-Gatersleben(71134) ; PANGAEA Data Publisher for Earth and Environmental Science(60705) ; THE ROSLIN INSTITUTE(41317) ; Originating lab: Wales Specialist Virology Centre Sequencing lab: Pathogen Genomics Unit(38537) ; ETH ZURICH D-BSSE(29083) ; KI-BN(29058) ; Respiratory Virus Unit, Microbiology Services Colindale, Public Health England(28057) ; Pan Lab at OU(21536)",INSDC center name,,,独立键(仅自身),Admin,否,
7,Submitter Id,14376720,14.4324,freetext/high-card,1(1036) ; 3(672) ; 4(633) ; 7(539) ; 8(526) ; 10(502) ; 11(493) ; 16(426) ; 15(423) ; 18(403) ; 19(387) ; 27(331) ; 29(320) ; 28(319) ; 30(319),Submitter Id,,,独立键(仅自身),Admin,否,
8,ENA-CHECKLIST,14295165,16.1112,freetext/high-card,ERC000011(2475162) ; ERC000033(471067) ; ERC000050(234606) ; ERC000015(82745) ; ERC000013(61297) ; ERC000028(58474) ; ERC000022(53076) ; ERC000047(27112) ; ERC000014(27023) ; ERC000020(27007) ; ERC000024(23970) ; ERC000053(16370) ; ERC000040(15534) ; ERC000029(13389) ; ERC000025(13299),ENA-CHECKLIST,,,独立键(仅自身),Admin,否,
9,host,14042343,17.7603,,Homo sapiens(2628029) ; Mus musculus(128480) ; Bos taurus(38078) ; Sus scrofa(34159) ; Gallus gallus(23804) ; soil(19294) ; Canis lupus familiaris(16499) ; Bovine(15561) ; Arabidopsis thaliana(14964) ; Papio cynocephalus(14851) ; mouse(14192) ; Zea mays(12248) ; Sus scrofa domesticus(11825) ; Gallus gallus domesticus(11180) ; pig(10974),host,Homo sapiens(2628029) ; Mus musculus(128480) ; Bos taurus(38078) ; Sus scrofa(34159) ; Gallus gallus(23804) ; soil(19294) ; Canis lupus familiaris(16499) ; Bovine(15561) ; Arabidopsis thaliana(14964) ; Papio cynocephalus(14851) ; mouse(14192) ; Zea mays(12248) ; Sus scrofa domesticus(11825) ; Gallus gallus domesticus(11180) ; pig(10974),,规范键(其他并入它),Host,是,
10,INSDC status,13776097,19.3781,categorical,public(3776410) ; suppressed(13611) ; killed(2609) ; temporary_suppressed(398),INSDC status,,,独立键(仅自身),Admin,否,
11,study name,13200391,20.9283,,The Cancer Genome Atlas (TCGA)(110122) ; eMERGE Network Phase III: HRC Imputed Array Data(105129) ; OncoArray: Prostate Cancer(99622) ; Low LDL Cholesterol and Increased Risk of Type 2 Diabetes(80286) ; Resource for Genetic Epidemiology Research on Aging (GERA)(78479) ; AACR Project GENIE(69212) ; DRIVE Breast Cancer OncoArray Genotypes(60231) ; Framingham Cohort(58525) ; HMP Core Microbiome Sampling Protocol A (HMP-A)(56215) ; Population Architecture using Genomics and Epidemiology - Women's Health Initiative Clinical Trial and Observational Study(56001) ; eMERGE Network Imputed GWAS for 41 Phenotypes(55029) ; OncoArray: Follow-up of Ovarian Cancer Genetic Association and Interaction Studies (FOCI)(51711) ; Yale SPORE in Skin Cancer Project 2(50989) ; Women's Health Initiative Clinical Trial and Observational Study(50385) ; eMERGE Network Phase III Clinical Sequencing: eMERGEseq Panel(49987),study name,The Cancer Genome Atlas (TCGA)(110122) ; eMERGE Network Phase III: HRC Imputed Array Data(105129) ; OncoArray: Prostate Cancer(99622) ; Low LDL Cholesterol and Increased Risk of Type 2 Diabetes(80286) ; Resource for Genetic Epidemiology Research on Aging (GERA)(78479) ; AACR Project GENIE(69212) ; DRIVE Breast Cancer OncoArray Genotypes(60231) ; Framingham Cohort(58525) ; HMP Core Microbiome Sampling Protocol A (HMP-A)(56215) ; Population Architecture using Genomics and Epidemiology - Women's Health Initiative Clinical Trial and Observational Study(56001) ; eMERGE Network Imputed GWAS for 41 Phenotypes(55029) ; OncoArray: Follow-up of Ovarian Cancer Genetic Association and Interaction Studies (FOCI)(51711) ; Yale SPORE in Skin Cancer Project 2(50989) ; Women's Health Initiative Clinical Trial and Observational Study(50385) ; eMERGE Network Phase III Clinical Sequencing: eMERGEseq Panel(49987),,规范键(其他并入它),Admin,否,
12,gap_accession,13199605,22.4784,,phs000178(110122) ; phs001584(105135) ; phs001391(99622) ; phs001588(80286) ; phs000674(78490) ; phs000888(76877) ; phs001337(69212) ; phs001265(60231) ; phs000007(58525) ; phs000228(56215) ; phs000227(56004) ; phs001882(51711) ; phs002289(50989) ; phs000200(50394) ; phs001442(50066),gap accession,phs000178(110122) ; phs001584(105135) ; phs001391(99622) ; phs001588(80286) ; phs000674(78490) ; phs000888(76877) ; phs001337(69212) ; phs001265(60231) ; phs000007(58525) ; phs000228(56215) ; phs000227(56004) ; phs001882(51711) ; phs002289(50989) ; phs000200(50394) ; phs001442(50066),,规范键(其他并入它),Admin,否,
13,gap_sample_id,13199575,24.0286,,190606(39) ; 188924(14) ; 198354(11) ; 192492(10) ; 192542(9) ; 194917(7) ; 188662(3) ; 188660(3) ; 274575(3) ; 119227(3) ; 200727(3) ; 200048(3) ; 196342(3) ; 194338(3) ; 193239(3),gap sample id,190606(39) ; 188924(14) ; 198354(11) ; 192492(10) ; 192542(9) ; 194917(7) ; 188662(3) ; 188660(3) ; 274575(3) ; 119227(3) ; 200727(3) ; 200048(3) ; 196342(3) ; 194338(3) ; 193239(3),,规范键(其他并入它),Admin,否,
14,gap_subject_id,13199575,25.5787,,75847(557) ; 75911(550) ; 580816(480) ; 241831(345) ; 241683(310) ; 241712(303) ; 241721(290) ; 241691(288) ; 241832(287) ; 241817(283) ; 268876(283) ; 241783(282) ; 241672(281) ; 200064(281) ; 241755(279),gap subject id,75847(557) ; 75911(550) ; 580816(480) ; 241831(345) ; 241683(310) ; 241712(303) ; 241721(290) ; 241691(288) ; 241832(287) ; 241817(283) ; 268876(283) ; 241783(282) ; 241672(281) ; 200064(281) ; 241755(279),,规范键(其他并入它),Admin,否,
15,submitter handle,13199145,27.1288,,Framingham_SHARe(715094) ; eMERGE(322447) ; WHI_SHARe(180745) ; TCGA(148921) ; NHLBI_ARIC(128815) ; OncoArray_ProstateCancer(99622) ; NIDDK METSIM(81967) ; NIGMS_LowLDL_EMR(80286) ; RPGEH(78494) ; Geneva(73428) ; NCI_TP_AACR_GENIE(69212) ; NIDDK TEDDY(65195) ; OncoArray_DRIVE(60231) ; EMMES_HMP(56215) ; MESA_SHARe(53878),submitter handle,Framingham_SHARe(715094) ; eMERGE(322447) ; WHI_SHARe(180745) ; TCGA(148921) ; NHLBI_ARIC(128815) ; OncoArray_ProstateCancer(99622) ; NIDDK METSIM(81967) ; NIGMS_LowLDL_EMR(80286) ; RPGEH(78494) ; Geneva(73428) ; NCI_TP_AACR_GENIE(69212) ; NIDDK TEDDY(65195) ; OncoArray_DRIVE(60231) ; EMMES_HMP(56215) ; MESA_SHARe(53878),,规范键(其他并入它),Admin,否,
16,biospecimen repository,13199145,28.6788,,Framingham_SHARe(715094) ; eMERGE(322447) ; WHI_SHARe(180745) ; TCGA(148921) ; NHLBI_ARIC(128815) ; OncoArray_ProstateCancer(99622) ; NIDDK METSIM(81967) ; NIGMS_LowLDL_EMR(80286) ; RPGEH(78494) ; Geneva(73428) ; NCI_TP_AACR_GENIE(69212) ; NIDDK TEDDY(65195) ; OncoArray_DRIVE(60231) ; EMMES_HMP(56215) ; MESA_SHARe(53878),biospecimen repository,Framingham_SHARe(715094) ; eMERGE(322447) ; WHI_SHARe(180745) ; TCGA(148921) ; NHLBI_ARIC(128815) ; OncoArray_ProstateCancer(99622) ; NIDDK METSIM(81967) ; NIGMS_LowLDL_EMR(80286) ; RPGEH(78494) ; Geneva(73428) ; NCI_TP_AACR_GENIE(69212) ; NIDDK TEDDY(65195) ; OncoArray_DRIVE(60231) ; EMMES_HMP(56215) ; MESA_SHARe(53878),,规范键(其他并入它),Admin,否,
17,submitted sample id,13199123,30.2289,,9(160) ; 183(151) ; 569(150) ; 624(146) ; 229(146) ; 670(144) ; 702(143) ; 653(141) ; 726(139) ; 606(139) ; 348(139) ; 928(138) ; 671(138) ; 684(138) ; 687(138),submitted sample id,9(160) ; 183(151) ; 569(150) ; 624(146) ; 229(146) ; 670(144) ; 702(143) ; 653(141) ; 726(139) ; 606(139) ; 348(139) ; 928(138) ; 671(138) ; 684(138) ; 687(138),,规范键(其他并入它),Admin,否,
18,submitted subject id,13199117,31.779,,2(1247) ; 3(876) ; 1(774) ; 5(637) ; 4(624) ; 7(597) ; 12(573) ; 28(561) ; 9(558) ; 14(536) ; 39(515) ; 6(513) ; 22(510) ; 36(509) ; 29(505),submitted subject id,2(1247) ; 3(876) ; 1(774) ; 5(637) ; 4(624) ; 7(597) ; 12(573) ; 28(561) ; 9(558) ; 14(536) ; 39(515) ; 6(513) ; 22(510) ; 36(509) ; 29(505),,规范键(其他并入它),Admin,否,
19,biospecimen repository sample id,13199115,33.3291,,9(160) ; 183(151) ; 569(150) ; 624(146) ; 229(146) ; 670(144) ; 702(143) ; 653(141) ; 726(139) ; 606(139) ; 348(139) ; 928(138) ; 671(138) ; 684(138) ; 687(138),biospecimen repository sample id,9(160) ; 183(151) ; 569(150) ; 624(146) ; 229(146) ; 670(144) ; 702(143) ; 653(141) ; 726(139) ; 606(139) ; 348(139) ; 928(138) ; 671(138) ; 684(138) ; 687(138),,规范键(其他并入它),Admin,否,
20,sex,13064536,34.8633,,female(3587214) ; male(3559715) ; pooled male and female(34669) ; hermaphrodite(23261) ; Male(11159) ; Female(11086) ; 47(7921) ; mixed(7721) ; unknown_sex(7603) ; ?(5336) ; mixed_sex(4882) ; hermaphrodite and monoecious(4712) ; mating_type_a(4477) ; 48(3884) ; mixed sex(2379),sex,female(3587214) ; male(3559715) ; pooled male and female(34669) ; hermaphrodite(23261) ; Male(11159) ; Female(11086) ; 47(7921) ; mixed(7721) ; unknown_sex(7603) ; ?(5336) ; mixed_sex(4882) ; hermaphrodite and monoecious(4712) ; mating_type_a(4477) ; 48(3884) ; mixed sex(2379),,规范键(其他并入它),Host,是,
21,lat_lon,13048975,36.3958,,,latitude and longitude,,,合并→ latitude and longitude,Geography,是,
22,study design,12495997,37.8633,,Case-Control(2038585) ; Prospective Longitudinal Cohort(1419559) ; Case Set(462736) ; Cross-Sectional(224611) ; Family/Twin/Trios(204939) ; Tumor vs. Matched-Normal(175688) ; Control Set(153045) ; Clinical Trial(42821) ; Metagenomics(34598) ; Methods(21523) ; Collection(20047) ; Interventional(12723) ; Mendelian(7478) ; Clinical Genetic Testing(2547) ; Xenograft(560),study design,Case-Control(2038585) ; Prospective Longitudinal Cohort(1419559) ; Case Set(462736) ; Cross-Sectional(224611) ; Family/Twin/Trios(204939) ; Tumor vs. Matched-Normal(175688) ; Control Set(153045) ; Clinical Trial(42821) ; Metagenomics(34598) ; Methods(21523) ; Collection(20047) ; Interventional(12723) ; Mendelian(7478) ; Clinical Genetic Testing(2547) ; Xenograft(560),,规范键(其他并入它),Admin,否,
23,geographic location (country and/or sea),12173524,39.2929,,,geographic location,,,合并→ geographic location,Geography,是,
24,collection date,11777814,40.676,,2017(155724) ; 2016(154447) ; 2018(137197) ; 2015(135538) ; 2014(109665) ; 2019(92684) ; 2013(91439) ; 2012(69730) ; 2020(56084) ; 2011(44976) ; 2010(41268) ; 2009(29281) ; 2008(24953) ; 2017-07(20458) ; 2017-06(18700),collection date,2017(155724) ; 2016(154447) ; 2018(137197) ; 2015(135538) ; 2014(109665) ; 2019(92684) ; 2013(91439) ; 2012(69730) ; 2020(56084) ; 2011(44976) ; 2010(41268) ; 2009(29281) ; 2008(24953) ; 2017-07(20458) ; 2017-06(18700),,规范键(其他并入它),Time,是,
25,gap_consent_code,11220611,41.9938,,1(3635334) ; 2(589047) ; 3(166197) ; 8(71058) ; 4(71054) ; 5(63703) ; 9(38465) ; 10(30216) ; 6(24095) ; 7(22711) ; 0(16598) ; 14(13355) ; 12(10673) ; 13(10171) ; 16(9264),gap consent code,1(3635334) ; 2(589047) ; 3(166197) ; 8(71058) ; 4(71054) ; 5(63703) ; 9(38465) ; 10(30216) ; 6(24095) ; 7(22711) ; 0(16598) ; 14(13355) ; 12(10673) ; 13(10171) ; 16(9264),,规范键(其他并入它),Admin,否,
26,gap_consent_short_name,11087799,43.2959,,GRU(1454635) ; HMB(317336) ; HMB-IRB(224154) ; NPU(187800) ; HMB-IRB-NPU(134339) ; HMB-IRB-MDS(116110) ; HMB-MDS(103650) ; HMP(99026) ; GRU-NPU(98548) ; DS-T1DR-IRB-RD(90790) ; CADM(88086) ; HMB-IRB-NPU-MDS(85270) ; GRU-IRB(85050) ; GRU-PUB(68281) ; HMB-PUB(49558),gap consent short name,GRU(1454635) ; HMB(317336) ; HMB-IRB(224154) ; NPU(187800) ; HMB-IRB-NPU(134339) ; HMB-IRB-MDS(116110) ; HMB-MDS(103650) ; HMP(99026) ; GRU-NPU(98548) ; DS-T1DR-IRB-RD(90790) ; CADM(88086) ; HMB-IRB-NPU-MDS(85270) ; GRU-IRB(85050) ; GRU-PUB(68281) ; HMB-PUB(49558),,规范键(其他并入它),Admin,否,
27,INSDC last update,10370452,44.5138,freetext/high-card,2022-05-19T17:40:14Z(805) ; 2022-05-26T09:42:43Z(546) ; 2013-11-04T20:06:05Z(529) ; 2022-05-26T09:30:46Z(494) ; 2013-11-04T20:05:50Z(283) ; 2013-11-04T20:05:37Z(235) ; 2018-08-14T12:59:24Z(171) ; 2018-08-14T12:59:25Z(171) ; 2016-10-21T09:39:09Z(162) ; 2018-08-14T12:59:23Z(162) ; 2016-10-21T09:36:16Z(161) ; 2023-06-13T16:39:57Z(158) ; 2023-06-13T16:39:56Z(156) ; 2018-03-08T15:24:43Z(155) ; 2016-10-21T09:36:13Z(155),INSDC last update,,,规范键(其他并入它),Admin,否,
28,External Id,10368571,45.7314,freetext/high-card,SAMEA911901(1) ; SAMEA712817(1) ; SAMEA804023(1) ; SAMEA804024(1) ; SAMEA804025(1) ; SAMEA804019(1) ; SAMEA804020(1) ; SAMEA804021(1) ; SAMEA804022(1) ; SAMEA708831(1) ; SAMEA708835(1) ; SAMEA766053(1) ; SAMEA958493(1) ; SAMEA958494(1) ; SAMEA878301(1),External Id,,,独立键(仅自身),Admin,否,
29,INSDC first public,9474563,46.8441,freetext/high-card,2016-08-24T17:07:51Z(3790) ; 2016-08-24T17:07:36Z(3510) ; 2018-01-25T17:04:53Z(3483) ; 2015-09-10T17:01:22Z(3479) ; 2016-11-15T17:05:04Z(3317) ; 2016-08-24T17:07:46Z(3307) ; 2015-09-10T17:01:23Z(3289) ; 2016-08-24T17:07:47Z(3275) ; 2016-09-22T17:01:28Z(3266) ; 2016-08-24T17:07:48Z(3260) ; 2016-08-24T17:07:35Z(3189) ; 2016-08-24T17:07:34Z(3073) ; 2016-08-24T17:07:52Z(3070) ; 2017-02-14T17:02:32Z(3000) ; 2016-08-24T17:07:49Z(2890),INSDC first public,,,规范键(其他并入它),Admin,否,
30,ENA first public,9062191,47.9083,freetext/high-card,2014-11-13(15253) ; 2020-04-22(6711) ; 2019-10-06T04:03:47Z(5086) ; 2019-10-06T04:03:30Z(4989) ; 2019-10-06T04:03:32Z(4977) ; 2019-04-02T17:04:11Z(4802) ; 2019-10-06T04:03:37Z(4671) ; 2013-04-30(4618) ; 2019-10-06T04:03:48Z(4588) ; 2018-05-24(4561) ; 2019-10-06T04:03:42Z(4503) ; 2019-10-06T04:03:46Z(4337) ; 2019-10-06T04:03:29Z(4234) ; 2019-10-25T04:04:49Z(4181) ; 2020-02-20T17:05:46Z(4151),INSDC first public,,,合并→ INSDC first public,Admin,否,
31,scientific_name,8972534,48.962,freetext/high-card,Homo sapiens(44172) ; thuja plicata(4832) ; Gallus gallus(3590) ; homo sapiens(3588) ; Sus scrofa(3216) ; Aphis glycines(2841) ; Homo Sapien(2601) ; homo sapien(2306) ; Bos taurus(2282) ; Vigna unguiculata(1659) ; Arabidopsis thaliana(1593) ; Canis familiaris(1572) ; Triticum aestivum(1564) ; Anas platyrhynchos platyrhynchos(1210) ; Zea mays L.(982),scientific_name,,,独立键(仅自身),Sample,是,
32,tissue,8421374,49.951,,Blood(1331405) ; blood(526186) ; leaf(269937) ; BLOOD(232462) ; Saliva(198273) ; Peripheral Blood(164727) ; Leaf(141771) ; liver(114058) ; Peripheral blood(91731) ; peripheral blood(76698) ; brain(74519) ; UBERON:feces(54112) ; Stool(51927) ; Buffy Coat(50761) ; bone marrow(50062),tissue,Blood(1331405) ; blood(526186) ; leaf(269937) ; BLOOD(232462) ; Saliva(198273) ; Peripheral Blood(164727) ; Leaf(141771) ; liver(114058) ; Peripheral blood(91731) ; peripheral blood(76698) ; brain(74519) ; UBERON:feces(54112) ; Stool(51927) ; Buffy Coat(50761) ; bone marrow(50062),,规范键(其他并入它),Sample,是,
33,analyte type,8091083,50.9012,,DNA(4434748) ; RNA(253545) ; DNA/RNA(34973) ; RNA:Total RNA(20228) ; DNA FROM FFPE(17152) ; DNA FROM BLOOD(17152) ; Repli-G (Qiagen) DNA(13730) ; metabolite(12099) ; Genomic DNA(9523) ; genomic DNA(8221) ; G_DNA_Stool(5417) ; G_DNA_Saliva(4077) ; primary_g_Stool(4072) ; whole-genome amplified DNA(3932) ; bulk RNAseq(3571),analyte type,DNA(4434748) ; RNA(253545) ; DNA/RNA(34973) ; RNA:Total RNA(20228) ; DNA FROM FFPE(17152) ; DNA FROM BLOOD(17152) ; Repli-G (Qiagen) DNA(13730) ; metabolite(12099) ; Genomic DNA(9523) ; genomic DNA(8221) ; G_DNA_Stool(5417) ; G_DNA_Saliva(4077) ; primary_g_Stool(4072) ; whole-genome amplified DNA(3932) ; bulk RNAseq(3571),,规范键(其他并入它),Sample,是,
34,collected_by,8082296,51.8504,,CDC(226204) ; PHE(95799) ; USDA-FSIS(66980) ; FDA(18190) ; FDA Contracted Laboratory(12444) ; PHAC(10929) ; United States Food and Drug Administration(10474) ; ModMedMicOxford(9802) ; Texas Department of State Health Services(7497) ; University of Pittsburgh Medical Center(5284) ; DTU(4963) ; United States Food and Drug Administration| Office of Regulatory Affairs| New York Human and Animal Food Laboratory(4848) ; USAID Feed the Future Innovation Lab for Climate Resilient Chickpea(4630) ; Pennsylvania State University | Escherichia coli Reference Center(4407) ; university laval(4033),collected by,CDC(226204) ; PHE(95799) ; USDA-FSIS(66980) ; FDA(18190) ; FDA Contracted Laboratory(12444) ; PHAC(10929) ; United States Food and Drug Administration(10474) ; ModMedMicOxford(9802) ; Texas Department of State Health Services(7497) ; University of Pittsburgh Medical Center(5284) ; DTU(4963) ; United States Food and Drug Administration| Office of Regulatory Affairs| New York Human and Animal Food Laboratory(4848) ; USAID Feed the Future Innovation Lab for Climate Resilient Chickpea(4630) ; Pennsylvania State University | Escherichia coli Reference Center(4407) ; university laval(4033),,规范键(其他并入它),Admin,否,
35,strain,7444330,52.7246,,C57BL/6(284016) ; C57BL/6J(245290) ; CD1(24176) ; Sprague-Dawley(15303) ; C57BL/6N(14922) ; w1118(14697) ; BALB/c(14549) ; BY4741(13753) ; B6(11316) ; C57BL6(11080) ; K-12(8586) ; 129/Ola(6665) ; mixed(6548) ; ICR(5551) ; C57Bl6/J(4716),strain,C57BL/6(284016) ; C57BL/6J(245290) ; CD1(24176) ; Sprague-Dawley(15303) ; C57BL/6N(14922) ; w1118(14697) ; BALB/c(14549) ; BY4741(13753) ; B6(11316) ; C57BL6(11080) ; K-12(8586) ; 129/Ola(6665) ; mixed(6548) ; ICR(5551) ; C57Bl6/J(4716),,规范键(其他并入它),Sample,是,
36,INSDC center alias,6865361,53.5309,freetext/high-card,"SC(619507) ; Robert Koch Institute(121176) ; UCSDMI(111896) ; Originating lab: Wales Specialist Virology Centre Sequencing lab: Pathogen Genomics Unit(31986) ; Respiratory Virus Unit, Microbiology Services Colindale, Public Health England(27082) ; ETH ZURICH D-BSSE(26260) ; NVRL(19032) ; IBV-CSIC(18790) ; Wellcome Sanger Institute(15187) ; IPK-Gatersleben(14814) ; Northumbria University / South Tees Hospitals NHS Foundation Trust / North Cumbria Integrated Care NHS Foundation Trust / North Tees and Hartlepool NHS Foundation Trust / Newcastle Hospitals NHS Foundation Trust(14468) ; CCME-COLORADO(13462) ; BCM(13364) ; Quadram Institute Bioscience(12858) ; Liverpool Clinical Laboratories(12495)",INSDC center alias,,,独立键(仅自身),Admin,否,
37,body site,6846076,54.3349,,Blood(1331405) ; blood(526186) ; leaf(269937) ; BLOOD(232462) ; Saliva(198273) ; Peripheral Blood(164727) ; Leaf(141771) ; liver(114058) ; Peripheral blood(91731) ; peripheral blood(76698) ; brain(74519) ; UBERON:feces(54112) ; Stool(51927) ; Buffy Coat(50761) ; bone marrow(50062),tissue,Blood(1331405) ; blood(526186) ; leaf(269937) ; BLOOD(232462) ; Saliva(198273) ; Peripheral Blood(164727) ; Leaf(141771) ; liver(114058) ; Peripheral blood(91731) ; peripheral blood(76698) ; brain(74519) ; UBERON:feces(54112) ; Stool(51927) ; Buffy Coat(50761) ; bone marrow(50062),,合并→ tissue,Sample,是,
38,host_disease,6268850,55.071,,COVID-19(295321) ; Tuberculosis(27996) ; invasive disease(23259) ; severe accute respiratory syndrome(13278) ; Gonorrhea(10898) ; Gastroenteritis(10435) ; gonorrhea(7997) ; tuberculosis(7572) ; diarrhea(5814) ; severe acute respiratory syndrome(5596) ; healthy(4476) ; Clostridium difficile infection(4464) ; Bacteremia(3785) ; Healthy(3765) ; salmonellosis(3644),host disease,COVID-19(295321) ; Tuberculosis(27996) ; invasive disease(23259) ; severe accute respiratory syndrome(13278) ; Gonorrhea(10898) ; Gastroenteritis(10435) ; gonorrhea(7997) ; tuberculosis(7572) ; diarrhea(5814) ; severe acute respiratory syndrome(5596) ; healthy(4476) ; Clostridium difficile infection(4464) ; Bacteremia(3785) ; Healthy(3765) ; salmonellosis(3644),,规范键(其他并入它),Host,是,
39,age,5992413,55.7748,,P56(137733) ; 6(38471) ; adult(37267) ; 5(21722) ; 4 months(20955) ; 3(19750) ; 9 months(18360) ; Adult(15772) ; 1(15772) ; 8 weeks(15083) ; 21(13199) ; 8(12534) ; 40(11545) ; 59(11498) ; 53(11248),age,P56(137733) ; 6(38471) ; adult(37267) ; 5(21722) ; 4 months(20955) ; 3(19750) ; 9 months(18360) ; Adult(15772) ; 1(15772) ; 8 weeks(15083) ; 21(13199) ; 8(12534) ; 40(11545) ; 59(11498) ; 53(11248),,独立键(仅自身),Host,是,
40,host scientific name,5980641,56.4771,,Homo sapiens(2628029) ; Mus musculus(128480) ; Bos taurus(38078) ; Sus scrofa(34159) ; Gallus gallus(23804) ; soil(19294) ; Canis lupus familiaris(16499) ; Bovine(15561) ; Arabidopsis thaliana(14964) ; Papio cynocephalus(14851) ; mouse(14192) ; Zea mays(12248) ; Sus scrofa domesticus(11825) ; Gallus gallus domesticus(11180) ; pig(10974),host,Homo sapiens(2628029) ; Mus musculus(128480) ; Bos taurus(38078) ; Sus scrofa(34159) ; Gallus gallus(23804) ; soil(19294) ; Canis lupus familiaris(16499) ; Bovine(15561) ; Arabidopsis thaliana(14964) ; Papio cynocephalus(14851) ; mouse(14192) ; Zea mays(12248) ; Sus scrofa domesticus(11825) ; Gallus gallus domesticus(11180) ; pig(10974),,合并→ host,Host,是,
41,geographic location (region and locality),5804997,57.1589,freetext/high-card,England(519071) ; Scotland(65372) ; Wales(47636) ; Europe/Germany/North Rhine-Westphalia(31029) ; Europe/Germany(19233) ; Europe/Germany/Saxony(12791) ; Europe/Germany/Bavaria(11275) ; Europe/Germany/Baden-Wurttemberg(9113) ; Northern_Ireland(8367) ; Europe / Ireland / Dublin(7809) ; Europe/Germany/Rhineland-Palatinate(6211) ; ZH(5816) ; BL(5511) ; BS(5470) ; Europe/Germany/Baden-Württemberg(5178),geographic location,,,合并→ geographic location,Geography,是,
42,collecting institution,5693164,57.8274,freetext/high-card,"Lighthouse Lab in Alderley Park(128561) ; Lighthouse Lab in Glasgow(122405) ; Lighthouse Lab in Milton Keynes(89190) ; Originating lab: Wales Specialist Virology Centre Sequencing lab: Pathogen Genomics Unit(38537) ; Lighthouse Lab in Cambridge(34310) ; Respiratory Virus Unit, Microbiology Services Colindale, Public Health England(28057) ; National Virus Reference Laboratory(19824) ; Wellcome Sanger Institute(18157) ; Northumbria University / South Tees Hospitals NHS Foundation Trust / North Cumbria Integrated Care NHS Foundation Trust / North Tees and Hartlepool NHS Foundation Trust / Newcastle Hospitals NHS Foundation Trust(15866) ; Liverpool Clinical Laboratories(15624) ; Lighthouse Laboratory Plymouth(13047) ; Quadram Institute Bioscience(12982) ; Computational evolution group,Mattenstrasse 26, Basel(12196) ; Department of Pathology, University of Cambridge(11115) ; SYNLAB MVZ Leverkusen, ParacelsusstraÃŸe 13; 51375 Leverkusen(11098)",collecting institution,,,独立键(仅自身),Admin,否,
43,source_name,5692438,58.496,,Liver(22289) ; Brain(22282) ; spleen(18004) ; cell line(16596) ; Blood(12133) ; Cortex(12109) ; PBMC(11385) ; Hippocampus(10871) ; pancreatic islets(10299) ; Bone marrow(9996) ; blood(9356) ; bone marrow(9144) ; Kidney(9072) ; Bone Marrow(8739) ; striatum(8223),source name,Liver(22289) ; Brain(22282) ; spleen(18004) ; cell line(16596) ; Blood(12133) ; Cortex(12109) ; PBMC(11385) ; Hippocampus(10871) ; pancreatic islets(10299) ; Bone marrow(9996) ; blood(9356) ; bone marrow(9144) ; Kidney(9072) ; Bone Marrow(8739) ; striatum(8223),,规范键(其他并入它),Sample,是,
44,broker name,5546151,59.1473,freetext/high-card,"SC(419108) ; ArrayExpress(260555) ; COVID-19 Genomics UK Consortium(225538) ; RKI provides the integration of molecular data and epidemiological data for the molecular surveillance of SARS-CoV-2(121176) ; EBI-EMG(91320) ; Stephane Pesant(56998) ; Swiss Institute of Bioinformatics, Quartier Sorge, Batiment Amphipole, CH-1015, Lausanne(41912) ; COPO(19640) ; Interinstitutional project for the sequencing of circulating SARS-CoV-2 strains in the population of the Republic of Ireland during the 2020 pandemic of COVID19(19498) ; Maiden Group, Department of Zoology, University of Oxford, United Kingdom(10551) ; EnteroBase(9764) ; GFBIO(7288) ; DTU-GE(7127) ; NDM Oxford(7118) ; China National GeneBank (CNGB) Jinsha Road, Dapeng District, Shenzhen(5764)",broker name,,,独立键(仅自身),Admin,否,
45,is tumor,5231623,59.7617,,No(2456177) ; Yes(187657) ; 0(9653) ; 1(7919) ; yes(28) ; no(6),is tumor,No(2456177) ; Yes(187657) ; 0(9653) ; 1(7919) ; yes(28) ; no(6),,规范键(其他并入它),Host,是,
46,ENA-LAST-UPDATE,5229723,60.3758,freetext/high-card,2021-06-09(109767) ; 2016-10-21(68402) ; 2021-07-15(23716) ; 2021-01-11(22607) ; 2021-03-18(22433) ; 2021-06-16(20055) ; 2021-07-02(18803) ; 2021-01-25(17744) ; 2021-04-07(17321) ; 2021-02-01(16422) ; 2021-05-04(15688) ; 2021-06-02(15407) ; 2021-03-03(14246) ; 2021-07-01(13700) ; 2021-07-19(13115),INSDC last update,,,合并→ INSDC last update,Admin,否,
47,sample capture status,5229662,60.99,,,sample capture status,,,规范键(其他并入它),Sample,是,
48,ENA-FIRST-PUBLIC,5192072,61.5997,freetext/high-card,2014-11-13(15253) ; 2020-04-22(6711) ; 2019-10-06T04:03:47Z(5086) ; 2019-10-06T04:03:30Z(4989) ; 2019-10-06T04:03:32Z(4977) ; 2019-04-02T17:04:11Z(4802) ; 2019-10-06T04:03:37Z(4671) ; 2013-04-30(4618) ; 2019-10-06T04:03:48Z(4588) ; 2018-05-24(4561) ; 2019-10-06T04:03:42Z(4503) ; 2019-10-06T04:03:46Z(4337) ; 2019-10-06T04:03:29Z(4234) ; 2019-10-25T04:04:49Z(4181) ; 2020-02-20T17:05:46Z(4151),INSDC first public,,,合并→ INSDC first public,Admin,否,
49,host subject id,4777602,62.1608,,9606(2116) ; 1(1863) ; 4(1673) ; M3(1654) ; 2(1566) ; 16(1356) ; 3(1356) ; 9(1244) ; 5(1071) ; 11(1037) ; 6(1000) ; 7(898) ; 8(885) ; 12(867) ; 15(782),host subject id,9606(2116) ; 1(1863) ; 4(1673) ; M3(1654) ; 2(1566) ; 16(1356) ; 3(1356) ; 9(1244) ; 5(1071) ; 11(1037) ; 6(1000) ; 7(898) ; 8(885) ; 12(867) ; 15(782),,规范键(其他并入它),Host,是,
50,ENA last update,4734714,62.7168,freetext/high-card,2021-06-09(109767) ; 2016-10-21(68402) ; 2021-07-15(23716) ; 2021-01-11(22607) ; 2021-03-18(22433) ; 2021-06-16(20055) ; 2021-07-02(18803) ; 2021-01-25(17744) ; 2021-04-07(17321) ; 2021-02-01(16422) ; 2021-05-04(15688) ; 2021-06-02(15407) ; 2021-03-03(14246) ; 2021-07-01(13700) ; 2021-07-19(13115),INSDC last update,,,合并→ INSDC last update,Admin,否,
51,host health state,4704462,63.2693,,diseased(37473) ; healthy(10940) ; disease(7858) ; carriage(6788) ; Diseased(5493) ; IPD(4618) ; Carriage(4231) ; not known(4103) ; Healthy(3807) ; Not known(2943) ; Disease(2590) ; disease:tuberculosis(1938) ; not available: to be reported later(1656) ; sick(1569) ; disease: bacteraemia(1527),host health state,diseased(37473) ; healthy(10940) ; disease(7858) ; carriage(6788) ; Diseased(5493) ; IPD(4618) ; Carriage(4231) ; not known(4103) ; Healthy(3807) ; Not known(2943) ; Disease(2590) ; disease:tuberculosis(1938) ; not available: to be reported later(1656) ; sick(1569) ; disease: bacteraemia(1527),,规范键(其他并入它),Host,是,
52,host common name,4670286,63.8178,,Human(202132) ; human(131424) ; mouse(17102) ; Savannah baboon(14371) ; maize(4739) ; Homo sapiens(3924) ; sponges(3142) ; mosquito(2262) ; pig(1917) ; Mus musculus(1609) ; house mouse(1429) ; pacific chub mackerel(1340) ; sheep(1326) ; tree swallow(1298) ; Pacific oyster(1224),host common name,Human(202132) ; human(131424) ; mouse(17102) ; Savannah baboon(14371) ; maize(4739) ; Homo sapiens(3924) ; sponges(3142) ; mosquito(2262) ; pig(1917) ; Mus musculus(1609) ; house mouse(1429) ; pacific chub mackerel(1340) ; sheep(1326) ; tree swallow(1298) ; Pacific oyster(1224),,规范键(其他并入它),Host,是,
53,host sex,4545958,64.3516,,"female(345439) ; male(278368) ; Female (F)(730) ; Male (M)(634) ; pooled male and female(315) ; Female(258) ; hermaphrodite(233) ; Male(183) ; neuter(135) ; Nymph(69) ; female, spayed(28) ; gelding(22) ; male, castrated(18) ; MN(17) ; FN(13)",host sex,"female(345439) ; male(278368) ; Female (F)(730) ; Male (M)(634) ; pooled male and female(315) ; Female(258) ; hermaphrodite(233) ; Male(183) ; neuter(135) ; Nymph(69) ; female, spayed(28) ; gelding(22) ; male, castrated(18) ; MN(17) ; FN(13)",,规范键(其他并入它),Host,是,
54,collector name,4461306,64.8756,freetext/high-card,"Chaoran Chen et al(15517) ; PANGEA_HIV Project(8002) ; Christian Beisel et al(6714) ; Dutch COVID-19 response team(5757) ; deCODE genetics(3149) ; Chaoran Chen, Sarah Nadeau, Catharine Aquino, Ivan Topolsky, Kim Philipp Jablonski, Lara Fuhrmann, Daniel Ehrsam, Isabel Stürmer, Andreia Cabral de Gouvea, Maria Domenica Moccia, Simon Grüter, Timothy Sykes, Lennart Opitz, Griffin White, Laura Neff, Doris Popovic, Andrea Patrignani, Jay Tracy, Ralph Schlapbach, Christiane Beckmann, Maurice Redondo, Olivier Kobel, Christoph Noppen, Niko Beerenwinkel, Tanja Stadler(2895) ; Samuel Cordey et al(2610) ; Tim Roloff et al(2394) ; The National University Hospital of Iceland(2219) ; Tim Roloff, Madlen Stange, Helena MB Seth-Smith, Alfredo Mari, Karoline Leuzinger, Julia Bielicki, Manuel Battegay, Hans Hirsch, Adrian Egli(1725) ; Darío García de Viedma, Laura Pérez-Lago, Pedro J Sola-Campoy, Sergio Buenestado-Serrano, Marta Herranz, Victor Manuel de la Cueva, Julia Suárez, Pilar Catalán, Patricia Muñoz and SeqCOVID-Spain consortium(1618) ; Trestan Pillonel, Damien Jacot, Sébastien Aeby, Gilbert Greub, Claire Bertelli(1479) ; María de Toro, José Manuel Azcona Gutiérrez, María Pilar Bea Escudero, Miriam Blasco Alberdi and SeqCOVID-Spain consortium(1292) ; Sheffield COVID-19 Genomics Group(1279) ; Gustavo Cilla Eguiluz, Milagrosa Montes Ros, Luis Piñeiro Vázquez, Ane Sorrarain, Jose Maria Marimón and SeqCOVID-Spain consortium(1169)",collector name,,,独立键(仅自身),Admin,否,
55,geographic location (longitude),4454015,65.3986,freetext/high-card,-95.7129(32670) ; -3.206493(25753) ; 7.6921(20869) ; 116.3636(19917) ; 9.5018(13493) ; -3.7492(9351) ; -64.17(6453) ; -3.197356(5571) ; -0.12(4957) ; 5.2913(4622) ; -90.263794(4375) ; 1(4192) ; 10.4515(3787) ; -3.6066(3553) ; -79.051266(2636),longitude,,,合并→ longitude,Geography,是,
56,geographic location (latitude),4453534,65.9216,freetext/high-card,37.0902(32678) ; 55.861398(25753) ; 53.1424(21038) ; 39.9138(19917) ; 56.2639(13461) ; 40.4637(9488) ; 31.07(6449) ; 55.86513(5569) ; 51.5(5210) ; 52.1326(4622) ; 38.63699(4375) ; 1(3837) ; 51.1657(3787) ; 57.0607(3553) ; 35.908070(2636),latitude,,,合并→ latitude,Geography,是,
57,project name,4357432,66.4334,,PulseNet(214426) ; Human gut MAGs(181002) ; GenomeTrakr(75490) ; Tara Pacific Expedition (2016-2018)(57290) ; FSIS Product/Environmental Sampling(38007) ; Metagenomic sequencing of the rumen of 240 cattle from Scotland(25654) ; NARMS-FSIS Cecal(24517) ; BRIDGE SSDs(22713) ; microbes in stratified freshwaters(13086) ; Harnessing the complexity of the marine microbiome through single cell genomics(12715) ; DevelopmentEcologyoftheHumanMicrobiome_LongitudinalStudy(6436) ; DSMP(6277) ; Amplicon metagenomics of root-associated fungi(6040) ; PRJEB33338(5570) ; Human gut genomes(4644),project name,PulseNet(214426) ; Human gut MAGs(181002) ; GenomeTrakr(75490) ; Tara Pacific Expedition (2016-2018)(57290) ; FSIS Product/Environmental Sampling(38007) ; Metagenomic sequencing of the rumen of 240 cattle from Scotland(25654) ; NARMS-FSIS Cecal(24517) ; BRIDGE SSDs(22713) ; microbes in stratified freshwaters(13086) ; Harnessing the complexity of the marine microbiome through single cell genomics(12715) ; DevelopmentEcologyoftheHumanMicrobiome_LongitudinalStudy(6436) ; DSMP(6277) ; Amplicon metagenomics of root-associated fungi(6040) ; PRJEB33338(5570) ; Human gut genomes(4644),,规范键(其他并入它),Admin,否,
58,env_broad_scale,3952427,66.8975,,,broad-scale environmental context,,,合并→ broad-scale environmental context,Environment,是,
59,common name,3906571,67.3563,freetext/high-card,human(351111) ; house mouse(235022) ; domesticated barley(85611) ; malaria parasite P. falciparum(61190) ; Streptococcus pneumoniae(46626) ; baker's yeast(46246) ; Human(41255) ; SARS-CoV-2(34074) ; zebrafish(31915) ; thale cress(31837) ; African malaria mosquito(31744) ; Escherichia coli(28545) ; Human coronavirus 2019(24777) ; fruit fly(19379) ; gut metagenome(19334),common name,,,独立键(仅自身),Sample,是,
60,env_medium,3888006,67.8129,,,environmental medium,,,合并→ environmental medium,Environment,是,
61,env_local_scale,3887892,68.2695,,,local-scale environmental context,,,合并→ local-scale environmental context,Environment,是,
62,subject is affected,3318585,68.6592,,Yes(1178059) ; No(844757) ; 0(56850) ; 1(41370) ; control(1541) ; Case(1377) ; Control(1161) ; case(535) ; cont(54) ; low density (control)(16) ; high density (case)(16) ; Atopic Dermatitis(1),subject is affected,Yes(1178059) ; No(844757) ; 0(56850) ; 1(41370) ; control(1541) ; Case(1377) ; Control(1161) ; case(535) ; cont(54) ; low density (control)(16) ; high density (case)(16) ; Atopic Dermatitis(1),,规范键(其他并入它),Host,是,
63,histological type,3289371,69.0455,,Blood(533595) ; blood(179459) ; BLOOD(115429) ; White Blood Cells(66757) ; T-cells(37838) ; Saliva(34345) ; invasive(29037) ; Stool(27072) ; Serous Cystadenocarcinoma(23439) ; Synovium(20589) ; Synovial tissue(20287) ; BUCCAL CELLS(19958) ; Untreated primary (De Nova) GBM(18994) ; Single nucleus(18200) ; Buffy Coat(17971),histological type,Blood(533595) ; blood(179459) ; BLOOD(115429) ; White Blood Cells(66757) ; T-cells(37838) ; Saliva(34345) ; invasive(29037) ; Stool(27072) ; Serous Cystadenocarcinoma(23439) ; Synovium(20589) ; Synovial tissue(20287) ; BUCCAL CELLS(19958) ; Untreated primary (De Nova) GBM(18994) ; Single nucleus(18200) ; Buffy Coat(17971),,规范键(其他并入它),Host,是,
64,host_age,3222173,69.4239,,20-29(8203) ; 28(6607) ; 26(6599) ; 25(6539) ; 27(6537) ; 21(6429) ; 23(6422) ; 30(6388) ; 24(6265) ; 35(6216) ; 29(6178) ; 22(6125) ; 30-39(6072) ; 31(5915) ; 32(5739),host age,20-29(8203) ; 28(6607) ; 26(6599) ; 25(6539) ; 27(6537) ; 21(6429) ; 23(6422) ; 30(6388) ; 24(6265) ; 35(6216) ; 29(6178) ; 22(6125) ; 30-39(6072) ; 31(5915) ; 32(5739),,规范键(其他并入它),Host,是,
65,host_sex,3192373,69.7988,,"female(345439) ; male(278368) ; Female (F)(730) ; Male (M)(634) ; pooled male and female(315) ; Female(258) ; hermaphrodite(233) ; Male(183) ; neuter(135) ; Nymph(69) ; female, spayed(28) ; gelding(22) ; male, castrated(18) ; MN(17) ; FN(13)",host sex,"female(345439) ; male(278368) ; Female (F)(730) ; Male (M)(634) ; pooled male and female(315) ; Female(258) ; hermaphrodite(233) ; Male(183) ; neuter(135) ; Nymph(69) ; female, spayed(28) ; gelding(22) ; male, castrated(18) ; MN(17) ; FN(13)",,规范键(其他并入它),Host,是,
66,dev_stage,2998784,70.151,,,development stage,,,合并→ development stage,Host,是,
67,environmental medium,2919943,70.4939,,,environmental medium,,,规范键(其他并入它),Environment,是,
68,broad-scale environmental context,2919602,70.8368,,,broad-scale environmental context,,,规范键(其他并入它),Environment,是,
69,sample derived from,2914227,71.179,freetext/high-card,SRS1996016(14395) ; SAMN06233224(6587) ; ERS3555720(6236) ; ERS5055282(2615) ; SRS883293(2058) ; ERS3559075(1410) ; ERS3559074(1164) ; ERS3559072(1024) ; ERS3559076(876) ; ERS3559077(765) ; ERS3559073(757) ; ERS4921402(668) ; ERS4649301(428) ; ERS4649307(303) ; ERS3750160(303),derived from,"Human(1837) ; This BioSample is a metagenomic assembly obtained from the activated sludge metagenome BioSamples: SAMN08389165, SAMN08389166, SAMN08389167, SAMN08389168, SAMN08389169, SAMN08389170, SAMN08389171, SAMN08389172, SAMN08389173, SAMN08389174, SAMN08389175, SAMN08389176, SAMN08389177, SAMN08389178, SAMN08389179, SAMN08389180, SAMN08389181, SAMN08389182, SAMN08389183, SAMN08389184, SAMN08389185, SAMN08389186, SAMN08389187, SAMN08389188, SAMN08389189, SAMN08389190, SAMN08389191, SAMN08389192, SAMN08389193, SAMN08389194, SAMN08389195, SAMN08389196, SAMN08389197, SAMN08389198, SAMN08389199, SAMN08389200, SAMN08389201, SAMN08389202, SAMN08389203, SAMN08389204, SAMN08389205, SAMN08389206, SAMN08389207, SAMN08389208, SAMN08389209, SAMN08389210, SAMN08389211, SAMN08389212, SAMN08389213, SAMN08389214, SAMN08389215, SAMN08389216, SAMN08389217, SAMN08389218, SAMN08389219, SAMN08389220, SAMN08389221, SAMN08389222, SAMN08389223, SAMN08389224, SAMN08389225, SAMN08389226, SAMN08389227, SAMN08389228, SAM N08389229, SAMN08389230, SAMN08389231, SAMN08389232, SAMN08389233, SAMN08389234, SAMN08389235, SAMN08389236, SAMN08389237, SAMN08389238, SAMN08389239, SAMN08389240, SAMN08389241, SAMN08389242, SAMN08389243, SAMN08389244, SAMN08389245, SAMN08389246, SAMN08389247, SAMN08389248, SAMN08389249, SAMN08389250, SAMN08389251, SAMN08389252, SAMN08389253, SAMN08389254, SAMN08389255, SAMN08389256, SAMN08389257, SAMN08389258, SAMN08389259, SAMN08389260, SAMN08389261, and SAMN08389262(920) ; This BioSample is a metagenomic assembly obtained from the gut metagenome BioSamples: SAMN20206759,SAMN20206760,SAMN20206761,SAMN20206762,SAMN20206763,SAMN20206764,SAMN20206765,SAMN20206766,SAMN20206767,SAMN20206768,SAMN20206769,SAMN20206770,SAMN20206771,SAMN20206772,SAMN20206773,SAMN20206774,SAMN20206775,SAMN20206776,SAMN20206777,SAMN20206778,SAMN20206779,SAMN20206780,SAMN20206781,SAMN20206782,SAMN20206783,SAMN20206784,SAMN20206785,SAMN20206786,SAMN20206787,SAMN20206788,SAMN20206789,SAMN20206790,SAMN20206791,SAMN20206792,SAMN20206793,SAMN20206794,SAMN20206795,SAMN20206796,SAMN20206797,SAMN20206798,SAMN20206799,SAMN20206800,SAMN20206801,SAMN20206802(591) ; This BioSample is a metagenomic assembly obtained from the mouse gut metagenome BioSamples: SAMN14144348,SAMN14144349,SAMN14144350,SAMN14144351,SAMN14144352,SAMN14144353,SAMN14144354,SAMN14144355,SAMN14144356,SAMN14144357,SAMN14144358,SAMN14144359,SAMN14144360,SAMN14144361,SAMN14144362,SAMN14144363,SAMN14144364,SAMN14144365(590) ; This BioSample is a metagenomic assembly obtained from the mine drainage metagenome BioSamples: SAMN18898484, SAMN18898485, SAMN18898486, SAMN18898487, SAMN18898488, SAMN18898489, SAMN18898490, SAMN18898491, SAMN18898492, and SAMN18898493(566) ; This BioSample is a metagenomic assembly obtained from the Activated sludge metagenome BioSample:SAMN15648910(557) ; Human blood(556) ; This BioSample is a metagenomic assembly obtained from the human oral metagenome BioSample: SAMN09489426(527) ; This BioSample is a metagenomic assembly obtained from the groundwater metagenome BioSample: SAMN15459600(524) ; This BioSample is a metagenomic assembly obtained from the freshwater metagenome BioSample: SAMN17269717(516) ; This BioSample is a metagenomic assembly obtained from the PNA biofilm metagenome BioSample: SAMN14350132, SAMN14350134, SAMN14350135, SAMN14350144, SAMN14350146, SAMN14350147, SAMN14350154, SAMN14350155, SAMN14350160, SAMN14350166, SAMN14350167, SAMN14350168, SAMN14350177, SAMN14350178, SAMN14350179, SAMN14350189, SAMN14350190 and SAMN14350191.(430) ; PN9(418) ; PN8(418) ; This BioSample is a metagenomic assembly obtained from the bioreactor metagenome BioSamples: SAMN13418212, SAMN13418213, SAMN13418214, SAMN13418245, SAMN13418246, SAMN13418247, SAMN13418248, SAMN13418249, SAMN13418250, SAMN13418251, SAMN13418252, SAMN13418253, SAMN13418254, SAMN15778297, SAMN15778298, SAMN15778299, SAMN15778300, SAMN15778301, SAMN15778302, SAMN15778303, SAMN15778304, SAMN15778305, SAMN15778306, SAMN15778307, SAMN15778308, SAMN15778309, SAMN15778310, SAMN15778311, SAMN15778312, SAMN15778313, SAMN15778314, SAMN15778315, and SAMN15778316(403) ; Blood(401)",,合并→ derived from,Sample,是,
70,local environmental context,2882079,71.5175,categorical,Pine needle(304) ; not applicable'(107) ; oceanic epipelagic zone biome(40) ; animal-associated habitat(19) ; sea shore (ENVO:00000485)(9) ; oceanic bathypelagic zone biome(3) ; bioreactor metagenome(3) ; marine hydrothermal vent (ENVO:01000122)(3) ; seawater(2) ; mouse-associated habitat(2) ; water(1) ; oceanic mesopelagic zone biome(1) ; compost(1) ; crop(1) ; environmental system(1),local-scale environmental context,,,合并→ local-scale environmental context,Environment,是,
71,purpose_of_sequencing,2826657,71.8494,,Baseline surveillance (random sampling)(26291) ; Surveillance testing(1150) ; Screening for Variants of Concern (VoC)(1147) ; Surveillance(1115) ; Surveillance Testing(1035) ; Cluster/Outbreak investigation(965) ; baseline surveilance(559) ; epidemiologic surveillance(392) ; Research(247) ; Longitudinal surveillance (repeat sampling)(207) ; Targeted for sequencing(193) ; Cluster Investigation(154) ; surveillance(94) ; Vaccine escape surveillance(93) ; baseline surveillance(86),purpose of sequencing,Baseline surveillance (random sampling)(26291) ; Surveillance testing(1150) ; Screening for Variants of Concern (VoC)(1147) ; Surveillance(1115) ; Surveillance Testing(1035) ; Cluster/Outbreak investigation(965) ; baseline surveilance(559) ; epidemiologic surveillance(392) ; Research(247) ; Longitudinal surveillance (repeat sampling)(207) ; Targeted for sequencing(193) ; Cluster Investigation(154) ; surveillance(94) ; Vaccine escape surveillance(93) ; baseline surveillance(86),,规范键(其他并入它),Sequencing,否,
72,metagenomic source,2806766,72.1791,freetext/high-card,human gut metagenome(206290) ; bovine gut metagenome(25507) ; marine metagenome(17429) ; lake water metagenome(11328) ; Gallus gallus(5575) ; Artiodactyla(2615) ; aquatic metagenome(2313) ; 408170(2059) ; freshwater metagenome(1757) ; gut metagenome(1200) ; human oral metagenome(1124) ; insect environmental sample(1091) ; Cervus elaphus(938) ; mouse gut metagenome(933) ; pond metagenome(906),metagenome source,gut metagenome(19526) ; human gut metagenome(13043) ; marine metagenome(10995) ; groundwater metagenome(7326) ; freshwater metagenome(6214) ; human oral metagenome(4466) ; soil metagenome(4286) ; marine sediment metagenome(3517) ; activated sludge metagenome(3496) ; subsurface metagenome(3360) ; anaerobic digester metagenome(3177) ; wastewater metagenome(3034) ; hydrothermal vent metagenome(2720) ; bioreactor metagenome(2077) ; soda lake metagenome(2060),,合并→ metagenome source,Sample,是,
73,assembly software,2744402,72.5013,freetext/high-card,"SPAdes;3.10.0(92143) ; metaspades_v3.13.0(39854) ; spades_v3.11.1(34125) ; SPAdes;3.13.1;default parameters with metaSPAdes mode(21536) ; IDBA-UD; v1.1.3; --num_threads 16 --pre_correction --min_contig 300(18613) ; megahit(14438) ; SPAdes;3,9.0; kmer set 21, 33, 55(12715) ; metaspades_v3.10.0(7650) ; metaspades_v3.12.0(7014) ; MEGAHIT; v1.1.1; --kmin-1pass, -m 60e+10, --k-list 27,37,47,57,67,77,87, --min-contig-len 1000, -t 16(6796) ; IDBA-UD(6403) ; Megahit(2884) ; Megahit;1.1.2;with the --meta-sensitive option(2313) ; MegaHIT v1.1.1(2058) ; MegaHit(1166)",assembly software,,组装/分箱/MAG,独立键(仅自身),Assembly,否,
74,binning software,2733555,72.8224,freetext/high-card,"MetaBAT v2.12.1(92143) ; MetaWRAP v1.1(89983) ; MetaBAT2(26611) ; MetaBAT;2.12.1(21536) ; metabat(12837) ; Metabat2(10173) ; concoct(2323) ; MaxBin v2.2.4, MetaBAT v2.12.1, CONCOCT v0.4.0, DAS Tool v1.1.0(2058) ; BLAST(1166) ; metaWRAP (MetaBAT2, MaxBin2 and CONCOCT)(933) ; MetaBAT v. 2.12.1, MaxBin v. 2.2.4, Metawatt v. 3.5.3 summarized via DASTool v. 1.1.0 and refined in Anvi’O v. 5.2(380) ; METABAT2(362) ; CONCOCT, refined with dastool and manually with anvi'o 6.2(163) ; MetaWRAP (CONCOCT, MaxBIN2, and MetaBAT2)(133) ; das_tool; concoct, maxbin, metabat(125)",binning software,,组装/分箱/MAG,独立键(仅自身),Assembly,否,
75,binning parameters,2733447,73.1434,freetext/high-card,"default(184682) ; tetra-nucleotide frequencies and abundance(25409) ; --minContig 2000(21536) ; min_len:1500,min_bin_size:10000,maxP:93,minS:50(12765) ; -v -m 2000(10159) ; Concoct parameters: -c 400 -l 1000 -t 16 -s 1 using Kallisto version 0.43.0 for coverate estimation.(1961) ; coverage and tetramer(1200) ; &gt;1,000bp alignment length(1166) ; default parameters, kmer: 4(933) ; Concoct parameters: -c 400 -l 1000 -t 16 -s 1 using Kallisto version 0.43.0 for coverage estimation.(352) ; anvi'o 6.2 default parameters, DASTOOL with --search-engine diamond(276) ; differential coverage across 5 samples, 4-mer frequencies(192) ; differential coverage across 9 samples, 4-mer frequencies(160) ; coverage, kmers(123) ; Hi-C links(98)",binning parameters,,组装/分箱/MAG,独立键(仅自身),Assembly,否,
76,sample_type,2680175,73.4581,,metagenomic assembly(120518) ; tissue sample(78871) ; cell culture(78394) ; whole organism(45246) ; stool(39361) ; feces(34024) ; single cell(30950) ; Stool(24261) ; skin(14394) ; Cell culture(14062) ; soil(13906) ; mixed culture(13585) ; Tissue sample(10786) ; pure culture(8951) ; Whole organism(8533),sample type,metagenomic assembly(120518) ; tissue sample(78871) ; cell culture(78394) ; whole organism(45246) ; stool(39361) ; feces(34024) ; single cell(30950) ; Stool(24261) ; skin(14394) ; Cell culture(14062) ; soil(13906) ; mixed culture(13585) ; Tissue sample(10786) ; pure culture(8951) ; Whole organism(8533),,规范键(其他并入它),Sample,是,
77,treatment,2678466,73.7727,,untreated(22481) ; Control(19439) ; control(16478) ; DMSO(8517) ; control diet(7403) ; normal(7142) ; No(6933) ; Untreated(4987) ; Vehicle(3858) ; PBS(3249) ; pre(3002) ; vehicle(2917) ; treated(2867) ; no treatment(2386) ; WT(2160),treatment,untreated(22481) ; Control(19439) ; control(16478) ; DMSO(8517) ; control diet(7403) ; normal(7142) ; No(6933) ; Untreated(4987) ; Vehicle(3858) ; PBS(3249) ; pre(3002) ; vehicle(2917) ; treated(2867) ; no treatment(2386) ; WT(2160),,规范键(其他并入它),Sample,是,
78,completeness score,2658848,74.0849,numeric,100(3994) ; 0(3683) ; 99.32(1378) ; 98.65(1370) ; 98.66(1229) ; 97.98(1184) ; 96.64(1077) ; 99.33(990) ; 95.97(937) ; 97.99(911) ; 97.31(792) ; 97.32(784) ; 99.37(702) ; 99.19(687) ; 98.63(603),completeness score,,组装/分箱/MAG,独立键(仅自身),Assembly,否,
79,completeness software,2652741,74.3965,categorical,CheckM v1.0.7(94201) ; CheckM v1.0.11(88859) ; checkm(35956) ; CheckM;v1.0.13(21536) ; CheckM(17954) ; checkM(12725) ; CheckM v1.1.3(310) ; checkM v1.1.3(276) ; CheckM v.1.0.7(258) ; CheckM v1.0.13(139) ; MiGA(100) ; Anvi'o v6.0(74) ; anvi'o(72) ; CHECKM(55) ; CheckM (v1.0.7)(29),completeness software,,组装/分箱/MAG,独立键(仅自身),Assembly,否,
80,assembly quality,2628046,74.7051,freetext/high-card,"Many fragments with little to no review of assembly other than reporting of standard assembly statistics(265087) ; Multiple fragments where gaps span repetitive regions. Presence of the 23S, 16S, and 5S rRNA genes and at least 18 tRNAs(5311) ; Single contiguous sequence without gaps or ambiguities with a consensus error rate equivalent to Q50 or better(1691) ; Medium Quality Draft(72) ; Medium(61) ; Multiple fragments where gaps span repetitive regions. Presence of the 23S, 16S and 5S rRNA genes and at least 18 tRNAs.(27) ; High(11) ; Low(2) ; reads mapped to reference GenBank accession, V01108, average coverage is 108,815(1) ; reads mapped to reference GenBank accession, V01108, average coverage is 21,993(1) ; reads mapped to reference GenBank accession, V01108, average coverage is 15,680(1) ; reads mapped to reference GenBank accession, V01108, average coverage is 50,108(1) ; reads mapped to reference GenBank accession, V01108, average coverage is 35,310(1) ; reads mapped to reference GenBank accession, V01108, average coverage is 47,132(1) ; reads mapped to reference GenBank accession, V01108, average coverage is 36,592(1)",assembly quality,,组装/分箱/MAG,独立键(仅自身),Assembly,否,
81,contamination score,2616295,75.0123,numeric,0.00(41774) ; 0(23258) ; 0.67(6396) ; 1.34(4076) ; 1.72(3825) ; 0.34(3167) ; 0.63(2985) ; 1.01(2934) ; 0.68(2502) ; 0.81(2236) ; 2.01(2135) ; 3.45(1888) ; 1.68(1815) ; 1.75(1773) ; 0.48(1754),contamination score,,组装/分箱/MAG,独立键(仅自身),Assembly,否,
82,taxonomic identity marker,2602094,75.3179,freetext/high-card,"multi-marker approach(206460) ; multi-marker approach (checkm)(20567) ; gtdbtk followed by sourmash-lca, see publication(12765) ; 16S rRNA gene(12721) ; CheckM_markers(9768) ; multi-marker approach - MAGpy - Stewart RD, Auffret MD, Snelling TJ, Roehe R, Watson M. (2019) MAGpy: a reproducible pipeline for the downstream analysis of metagenome-assembled genomes (MAGs). Bioinformatics. 35(12):2150-2152. doi: 10.1093/bioinformatics/bty905(4940) ; gtdb_tk(352) ; Genome Taxonomy Database classifier (120 protein markers)(286) ; multi-marker approach (GTDB-tk v1.03, GTDB v95)(276) ; multimarker(100) ; multi marker approach(95) ; Multi-marker approach(58) ; 16S gene(42) ; multi-markers approach using the Bin Annotation Tool(29) ; relative evolutionary divergence (RED) and ANI(29)",taxonomic identity marker,,组装/分箱/MAG,独立键(仅自身),Assembly,否,
83,biomaterial_provider,2468961,75.6079,,"ATCC(56439) ; ATCC CRL-1573(24954) ; Hospital(11671) ; Karalinska(6633) ; Beijing USCI Medical Laboratory(3405) ; USAID Feed the Future Innovation Lab for Climate Resilient Chickpea(3300) ; William H. Robinson, CCSR 4135, 269 Campus Drive, Stanford, CA 94305(2962) ; HMRI, 6670 Bertner St., Houston, TX 77030(2954) ; Genetic Perturbation Platform(2662) ; Patrik Nosil Lab(2371) ; Clinical Research Centre, University of Surrey, Egerton Road, GUILDFORD, Surrey, GU2 7XP United Kingdom(2303) ; Estonian Genome Center, Riia 23b, 51010 Tartu, Estonia(2240) ; HUGO Pan-Asian SNP Consortium(1928) ; Coriell(1849) ; Geneseeq_Technology_Inc(1847)",biomaterial provider,"ATCC(56439) ; ATCC CRL-1573(24954) ; Hospital(11671) ; Karalinska(6633) ; Beijing USCI Medical Laboratory(3405) ; USAID Feed the Future Innovation Lab for Climate Resilient Chickpea(3300) ; William H. Robinson, CCSR 4135, 269 Campus Drive, Stanford, CA 94305(2962) ; HMRI, 6670 Bertner St., Houston, TX 77030(2954) ; Genetic Perturbation Platform(2662) ; Patrik Nosil Lab(2371) ; Clinical Research Centre, University of Surrey, Egerton Road, GUILDFORD, Surrey, GU2 7XP United Kingdom(2303) ; Estonian Genome Center, Riia 23b, 51010 Tartu, Estonia(2240) ; HUGO Pan-Asian SNP Consortium(1928) ; Coriell(1849) ; Geneseeq_Technology_Inc(1847)",,规范键(其他并入它),Admin,否,
84,molecular data type,2461150,75.8969,,SNP Genotypes (Array)(1354639) ; SNP Genotypes (imputed)(286358) ; SNP/CNV Genotypes (NGS)(214941) ; SNP/CNV Genotypes (imputed)(100712) ; SNP Genotypes (NGS)(93109) ; CNV Genotypes(90963) ; RNA Seq (NGS)(84362) ; SNP/CNV (Array)(36586) ; Whole Exome (NGS)(30030) ; Whole Genome (NGS)(27262) ; SNP Genotypes (PCR)(24822) ; Legacy Genotypes(20030) ; mRNA Expression (Array)(16962) ; Allele-Specific Expression(16010) ; Methylation (CpG)(13637),molecular data type,SNP Genotypes (Array)(1354639) ; SNP Genotypes (imputed)(286358) ; SNP/CNV Genotypes (NGS)(214941) ; SNP/CNV Genotypes (imputed)(100712) ; SNP Genotypes (NGS)(93109) ; CNV Genotypes(90963) ; RNA Seq (NGS)(84362) ; SNP/CNV (Array)(36586) ; Whole Exome (NGS)(30030) ; Whole Genome (NGS)(27262) ; SNP Genotypes (PCR)(24822) ; Legacy Genotypes(20030) ; mRNA Expression (Array)(16962) ; Allele-Specific Expression(16010) ; Methylation (CpG)(13637),,规范键(其他并入它),Sequencing,否,
85,collection_method,2337778,76.1714,,Nasal Swabs(82226) ; Swabs(38255) ; Nasal Swab(12578) ; Nasal - Anterior Nares(9265) ; S(3087) ; Nasal(2924) ; Visit(2808) ; collection of larvae(1517) ; Nasopharyngeal Swab(869) ; NASOP-swab(746) ; swab(628) ; RNA(596) ; manually(554) ; FACS-sorted(528) ; Postal(480),collection method ,Nasal Swabs(82226) ; Swabs(38255) ; Nasal Swab(12578) ; Nasal - Anterior Nares(9265) ; S(3087) ; Nasal(2924) ; Visit(2808) ; collection of larvae(1517) ; Nasopharyngeal Swab(869) ; NASOP-swab(746) ; swab(628) ; RNA(596) ; manually(554) ; FACS-sorted(528) ; Postal(480),,规范键(其他并入它),Admin,否,
86,genotype,2326099,76.4446,,wild type genotype(91556) ; wild type(86342) ; WT(46642) ; Wild type(13252) ; wild-type(10679) ; wildtype(9643) ; C57Bl/6(6205) ; Wild-type(6088) ; Wildtype(5421) ; control(4751) ; Wild Type(4577) ; wt(3437) ; KO(3119) ; C57BL/6(2541) ; Control(2530),genotype,wild type genotype(91556) ; wild type(86342) ; WT(46642) ; Wild type(13252) ; wild-type(10679) ; wildtype(9643) ; C57Bl/6(6205) ; Wild-type(6088) ; Wildtype(5421) ; control(4751) ; Wild Type(4577) ; wt(3437) ; KO(3119) ; C57BL/6(2541) ; Control(2530),,规范键(其他并入它),Sample,是,
87,cultivar,2282241,76.7126,,Nipponbare(31691) ; B73(6568) ; Hitomebore(1812) ; Kronos(1734) ; M82(1715) ; BTx623(1548) ; Zhonghua 11(1494) ; Cadenza(1430) ; wild(1408) ; NA (natural population)(1262) ; Williams 82(1252) ; Alamo(1119) ; IRGC110404(1097) ; RTx430(1088) ; Chinese Spring(1079),cultivar,Nipponbare(31691) ; B73(6568) ; Hitomebore(1812) ; Kronos(1734) ; M82(1715) ; BTx623(1548) ; Zhonghua 11(1494) ; Cadenza(1430) ; wild(1408) ; NA (natural population)(1262) ; Williams 82(1252) ; Alamo(1119) ; IRGC110404(1097) ; RTx430(1088) ; Chinese Spring(1079),,规范键(其他并入它),Sample,是,
88,cell type,2243758,76.9761,,"induced pluripotent stem cell(30241) ; neuron(18215) ; embryonic stem cell(16195) ; fibroblast(14293) ; PBMC(13993) ; hepatocyte(12884) ; B-Lymphocyte(12065) ; CD8+ T cell(10149) ; epithelial cell(8660) ; T cell(8503) ; Hepatic Progenitor Cells(8464) ; CD4-positive, alpha-beta T cell(8164) ; B cell(7640) ; mononuclear cell(7513) ; CA1 inhibitory cells(6971)",cell type,"induced pluripotent stem cell(30241) ; neuron(18215) ; embryonic stem cell(16195) ; fibroblast(14293) ; PBMC(13993) ; hepatocyte(12884) ; B-Lymphocyte(12065) ; CD8+ T cell(10149) ; epithelial cell(8660) ; T cell(8503) ; Hepatic Progenitor Cells(8464) ; CD4-positive, alpha-beta T cell(8164) ; B cell(7640) ; mononuclear cell(7513) ; CA1 inhibitory cells(6971)",,规范键(其他并入它),Sample,是,
89,collection_device,2146295,77.2282,,Nasal Swabs(82226) ; Swabs(38253) ; Nasal Swab(12578) ; Swab(11543) ; Nasal - Anterior Nares(9265) ; S(3087) ; Nasal(2924) ; Nasopharyngeal Swab(869) ; swab(835) ; centrifuge_tube(732) ; RNA(596) ; tube; swube(554) ; NP Swab(399) ; Tube(396) ; manual(364),collection device,Nasal Swabs(82226) ; Swabs(38253) ; Nasal Swab(12578) ; Swab(11543) ; Nasal - Anterior Nares(9265) ; S(3087) ; Nasal(2924) ; Nasopharyngeal Swab(869) ; swab(835) ; centrifuge_tube(732) ; RNA(596) ; tube; swube(554) ; NP Swab(399) ; Tube(396) ; manual(364),,规范键(其他并入它),Admin,否,
90,Isolate,2110794,77.4761,,1(7440) ; RNA(7354) ; patient(4977) ; cell line(2851) ; 2(2286) ; DNA(2187) ; Human(2104) ; 3(1911) ; soil(1837) ; human(1810) ; blood(1753) ; 3D7(1707) ; HEK293(1545) ; 4(1438) ; Hek293(1437),isolate,1(7440) ; RNA(7354) ; patient(4977) ; cell line(2851) ; 2(2286) ; DNA(2187) ; Human(2104) ; 3(1911) ; soil(1837) ; human(1810) ; blood(1753) ; 3D7(1707) ; HEK293(1545) ; 4(1438) ; Hek293(1437),,规范键(其他并入它),Sample,是,
91,ecotype,2080472,77.7204,,"Col-0(28984) ; Columbia(9561) ; China(5009) ; Spain(3043) ; wild(2761) ; Virginia(2691) ; Col x Ler(2663) ; North America(2662) ; annual(2121) ; mising(1698) ; spring wheat(1685) ; Hybrid(1635) ; anadromous(1594) ; Screven County, Georgia(1536) ; freshwater(1506)",ecotype,"Col-0(28984) ; Columbia(9561) ; China(5009) ; Spain(3043) ; wild(2761) ; Virginia(2691) ; Col x Ler(2663) ; North America(2662) ; annual(2121) ; mising(1698) ; spring wheat(1685) ; Hybrid(1635) ; anadromous(1594) ; Screven County, Georgia(1536) ; freshwater(1506)",,独立键(仅自身),Sample,是,
92,sequencing method,2067162,77.9632,freetext/high-card,Illumina(173777) ; Illumina MiSeq(82041) ; Illumina HiSeq 2000(51693) ; Illumina HiSeq 2500(36094) ; Illumina HiSeq 4000(27716) ; pyrosequencing(23691) ; NextSeq 500(18156) ; Illumina Miseq(16969) ; Illumina Genome Analyzer II(16265) ; MiSeq(15373) ; NovaSeq(13212) ; Illumina HiSeq(10336) ; Illumina NovaSeq 6000(7933) ; Miseq(5514) ; 454(5092),sequencing method,,,独立键(仅自身),Sequencing,否,
93,lineage/clade name,2037602,78.2025,freetext/high-card,B.1.1.7(59149) ; B.1.617.2(26419) ; B.1.2(18150) ; B.1.526(7700) ; B.1.429(6242) ; P.1(5991) ; B.1(5838) ; B.1.427(2661) ; B.1.526.1(2378) ; B.1.526.2(2086) ; B.1.1.519(2068) ; AY.3(1781) ; B.1.1.222(1408) ; B.1.621(1250) ; B.1.243(1088),lineage/clade name,,,独立键(仅自身),Sample,是,
94,diagnostic_pcr_protocol_1,2036700,78.4416,categorical,Labcorp LDT(67857) ; Roche(20549) ; TaqPath(19977) ; LDT(11450) ; ThermoFisher Taqpath Assay(11068) ; TaqPath COVID-19 Combo Kit(9797) ; CDC Flu SC2(7469) ; Hologic(7011) ; Abbott Alinity(1741) ; Roche Cobas(1496) ; Covid-19-CDC(231) ; Panther Fusion(192) ; Lab Developed Test(160) ; nCoV_N1 (CT Value)(118) ; TAQMAN(106),diagnostic_pcr_protocol_1,,,独立键(仅自身),Diagnostic,否,
95,diagnostic_pcr_Ct_value_1,2036582,78.6808,numeric,20(232) ; 16.9(131) ; 15.9(129) ; 18.6(128) ; 18.9(128) ; 20.3(127) ; 16.4(126) ; 18.8(125) ; 18(125) ; 20.2(124) ; 17.5(124) ; 17.9(124) ; 17.6(124) ; 19.9(122) ; 17.8(122),diagnostic_pcr_Ct_value_1,,,独立键(仅自身),Diagnostic,否,
96,host_race,2008438,78.9167,freetext/high-card,White(11219) ; AMR(3084) ; W(3026) ; Black or African American(2764) ; Other Race(2339) ; WHITE(1860) ; NAM(1815) ; DTA(1709) ; Asian(929) ; O(601) ; B(452) ; OTH(316) ; UNK(221) ; White or Caucasian(200) ; caucasian(166),race,Caucasian(51075) ; White(16597) ; Chinese(4341) ; Asian(2832) ; Other(2465) ; Black(2372) ; WHITE(2354) ; African American(1975) ; white(1919) ; Asian or Pacific Islander(1649) ; caucasian(1647) ; W(1389) ; Hispanic(1127) ; Missing: Not provided(897) ; AA(858),,合并→ race,Host,是,
97,investigation type,1986620,79.15,,metagenome(292294) ; metagenome-assembled genome(211949) ; mimarks-survey(88669) ; bacteria_archaea(38868) ; single amplified genome(12873) ; eukaryote(10336) ; miens-survey(6396) ; MIMARKS-survey(4001) ; amplicon(2634) ; virus(2477) ; metatranscriptome(2281) ; miens-culture(1450) ; isolate(894) ; bacteria(741) ; MIxS(702),investigation type,metagenome(292294) ; metagenome-assembled genome(211949) ; mimarks-survey(88669) ; bacteria_archaea(38868) ; single amplified genome(12873) ; eukaryote(10336) ; miens-survey(6396) ; MIMARKS-survey(4001) ; amplicon(2634) ; virus(2477) ; metatranscriptome(2281) ; miens-culture(1450) ; isolate(894) ; bacteria(741) ; MIxS(702),,规范键(其他并入它),Sequencing,否,
98,depth,1694082,79.3489,,0(72883) ; 0-10 cm(11198) ; 0.1(10543) ; 0.01(8487) ; 0-10cm(7936) ; 10 cm(6857) ; surface(6398) ; 0-20 cm(6332) ; 1m(5904) ; 0-20cm(5352) ; 5(5283) ; 10(4934) ; 9m(4222) ; 0 m(4157) ; 20 cm(4099),depth,0(72883) ; 0-10 cm(11198) ; 0.1(10543) ; 0.01(8487) ; 0-10cm(7936) ; 10 cm(6857) ; surface(6398) ; 0-20 cm(6332) ; 1m(5904) ; 0-20cm(5352) ; 5(5283) ; 10(4934) ; 9m(4222) ; 0 m(4157) ; 20 cm(4099),,独立键(仅自身),Geography,是,
99,diagnostic_gene_name_1,1689613,79.5474,freetext/high-card,N1 gene(67857) ; N gene(24531) ; Z20828(11435) ; ms2(11068) ; SC2(8154) ; ORF1ab(5243) ; ct(3699) ; Z20822(1927) ; Z1159(460) ; Z03818(383) ; U071(346) ; Z1152(272) ; R05(218) ; Z20.828(214) ; R509(136),diagnostic_gene_name_1,,,独立键(仅自身),Diagnostic,否,
100,sequenced_by,1621432,79.7378,,United States Department of Agriculture|Food Safety and Inspection Service(62021) ; FL(15689) ; United States Food and Drug Administration| Center for Food Safety and Applied Nutrition(15064) ; TX(11707) ; FDA Contracted Laboratory(11104) ; Laboratoire de Sante publique du Quebec (INSPQ)(9741) ; CA(8442) ; MN(8103) ; OH(8042) ; NY(7965) ; VA(7925) ; TN(7849) ; Illumina(6970) ; NC(6818) ; WI(6245),sequenced by,United States Department of Agriculture|Food Safety and Inspection Service(62021) ; FL(15689) ; United States Food and Drug Administration| Center for Food Safety and Applied Nutrition(15064) ; TX(11707) ; FDA Contracted Laboratory(11104) ; Laboratoire de Sante publique du Quebec (INSPQ)(9741) ; CA(8442) ; MN(8103) ; OH(8042) ; NY(7965) ; VA(7925) ; TN(7849) ; Illumina(6970) ; NC(6818) ; WI(6245),,规范键(其他并入它),Admin,否,
101,replicate,1548070,79.9196,freetext/high-card,1(10281) ; 2(8888) ; R00(7208) ; 3(6178) ; Replicate1(2132) ; 4(1814) ; biological replicate 1(1782) ; biological replicate 2(1579) ; biological replicate 3(1360) ; A(1299) ; B(1088) ; 5(1014) ; C(943) ; Replicate 1(736) ; Replicate 2(734),replicate,,,独立键(仅自身),Sequencing,否,
102,study disease,1520662,80.0982,,"Neoplasms(173886) ; Prostatic Neoplasms(97295) ; Breast Neoplasms(72226) ; Lung Neoplasms(50081) ; Colorectal Neoplasms(49427) ; Schizophrenia(42454) ; Diabetes Mellitus, Type 2(32400) ; Influenza, Human(30661) ; Lupus Erythematosus, Systemic(25086) ; Asthma(22350) ; Macular Degeneration(22229) ; Diabetes Mellitus, Type 1(21915) ; Arthritis, Rheumatoid(19884) ; Amyotrophic Lateral Sclerosis(18004) ; Melanoma(17241)",study disease,"Neoplasms(173886) ; Prostatic Neoplasms(97295) ; Breast Neoplasms(72226) ; Lung Neoplasms(50081) ; Colorectal Neoplasms(49427) ; Schizophrenia(42454) ; Diabetes Mellitus, Type 2(32400) ; Influenza, Human(30661) ; Lupus Erythematosus, Systemic(25086) ; Asthma(22350) ; Macular Degeneration(22229) ; Diabetes Mellitus, Type 1(21915) ; Arthritis, Rheumatoid(19884) ; Amyotrophic Lateral Sclerosis(18004) ; Melanoma(17241)",,规范键(其他并入它),Host,是,
103,diagnostic_pcr_protocol_2,1511863,80.2757,categorical,Labcorp LDT(67857) ; ThermoFisher Taqpath Assay(13611) ; TaqPath COVID-19 Combo Kit(9797) ; CDC Flu SC2(7469) ; TaqPath(5243) ; Covid-19-CDC(231) ; nCoV_N1 (CT Value)(118) ; TAQMAN(106) ; CDC COVID-19(34) ; qPCR(13) ; Perkin Elmer Nucleic Acid Detection Kit(11) ; ThermoFisher TaqPath(9) ; nCoV_N1(5) ; COVID-19(2) ; Thermo Fisher TaqPath(2),diagnostic_pcr_protocol_2,,,独立键(仅自身),Diagnostic,否,
104,diagnostic_pcr_protocol_3,1511863,80.4533,categorical,Labcorp LDT(67857) ; ThermoFisher Taqpath Assay(13611) ; TaqPath COVID-19 Combo Kit(9797) ; CDC Flu SC2(7469) ; TaqPath(5243) ; Covid-19-CDC(231) ; nCoV_N1 (CT Value)(118) ; TAQMAN(106) ; CDC COVID-19(34) ; qPCR(13) ; Perkin Elmer Nucleic Acid Detection Kit(11) ; ThermoFisher TaqPath(9) ; nCoV_N1(5) ; COVID-19(2) ; Thermo Fisher TaqPath(2),diagnostic_pcr_protocol_3,,,独立键(仅自身),Diagnostic,否,
105,diagnostic_gene_name_2,1511786,80.6308,categorical,N2 gene(67857) ; n gene(13611) ; S gene(9797) ; N1(8154) ; N gene(5243),diagnostic_gene_name_2,,,独立键(仅自身),Diagnostic,否,
106,diagnostic_gene_name_3,1511786,80.8083,categorical,RP gene(67857) ; orf1ab(13611) ; ORF1ab(9797) ; N2(8154) ; S gene(5243),diagnostic_gene_name_3,,,独立键(仅自身),Diagnostic,否,
107,diagnostic_pcr_Ct_value_2,1511762,80.9859,numeric,20(34) ; 18.984(23) ; 17.966(23) ; 19.966(22) ; 17.973(22) ; 20.984(21) ; 19.969(21) ; 18.965(21) ; 18.979(21) ; 19.963(21) ; 19.932(20) ; 18.983(20) ; 21.983(20) ; 18.966(20) ; 19.084(19),diagnostic_pcr_Ct_value_2,,,独立键(仅自身),Diagnostic,否,
108,diagnostic_pcr_Ct_value_3,1511761,81.1634,numeric,1(3042) ; Undetermined(2189) ; 20(116) ; 100(110) ; 29.014(15) ; 29.466(15) ; 29.721(14) ; 30.336(14) ; 29.101(13) ; 30.497(13) ; 30.325(13) ; 28.315(13) ; 29.858(13) ; 29.127(12) ; 26.212(12),diagnostic_pcr_Ct_value_3,,,独立键(仅自身),Diagnostic,否,
109,virus identifier,1443435,81.3329,freetext/high-card,CV-B5(74) ; SARS-CoV-2(25) ; CV-A16(19) ; CV-A6(18) ; CV-A5(15) ; E-25(14) ; CV-A11(13) ; CV-A14(11) ; E-18(10) ; EV-C109(10) ; E-9(10) ; E-11(9) ; E-5(7) ; CV-A4(7) ; E-6(7),virus identifier,,,独立键(仅自身),Sample,是,
110,breed,1354682,81.492,,C57BL/6 x Sv129(14564) ; Indian-origin(8769) ; Holstein(4563) ; wildtype(3412) ; C57BL/6(2695) ; Virginia lines(2667) ; wild(2313) ; Indian(2222) ; Duroc(2092) ; Large White(1866) ; Arctic Superior(1739) ; F2(1586) ; heterogeneous pig(1481) ; White Leghorn(1342) ; Holstein-Friesian(1335),breed,C57BL/6 x Sv129(14564) ; Indian-origin(8769) ; Holstein(4563) ; wildtype(3412) ; C57BL/6(2695) ; Virginia lines(2667) ; wild(2313) ; Indian(2222) ; Duroc(2092) ; Large White(1866) ; Arctic Superior(1739) ; F2(1586) ; heterogeneous pig(1481) ; White Leghorn(1342) ; Holstein-Friesian(1335),,独立键(仅自身),Sample,是,
111,sample_name,1287089,81.6432,,1(1103) ; 3(731) ; 4(694) ; 5(642) ; 6(613) ; 7(589) ; 8(580) ; 10(555) ; 11(545) ; 14(469) ; 16(467) ; 15(466) ; 18(444) ; 19(425) ; 23(392),sample name,1(1103) ; 3(731) ; 4(694) ; 5(642) ; 6(613) ; 7(589) ; 8(580) ; 10(555) ; 11(545) ; 14(469) ; 16(467) ; 15(466) ; 18(444) ; 19(425) ; 23(392),,规范键(其他并入它),Admin,否,
112,serotype (required for a seropositive sample),1265863,81.7918,categorical,A61(2) ; BVDV1a(2) ; H5N8(1) ; F40(1) ; B16/21(1) ; SAT1(1),serotype,O157:H7(10064) ; :H16(5627) ; O26:H11(4867) ; O103:H2(4444) ; O111:H8(3338) ; O13/O135:H14(2270) ; Emm28(2101) ; A(1586) ; O121:H19(1267) ; M89(1226) ; :H7(1081) ; O13:H14(987) ; O145:H28(881) ; 1/2a(847) ; :H2(805),,合并→ serotype,Sample,是,
113,definition for seropositive sample,1264371,81.9403,categorical,"Ct &gt;36 for RRT PCR, &gt;1/16 HI titre with 4HAU antigen(1)",definition for seropositive sample,,,独立键(仅自身),Host,是,
114,taxonomic classification,1211301,82.0826,categorical,"GTDB-Tk;v1.3.0(reference from GTDB Release 95,species rank classification,default parameters)(21536) ; GTDB-Tk v1.1.1 (GTDB release 89, default parameters, classification rank genus)(19) ; GTDB-Tk v1.1.1 (GTDB release 89, default parameters, classification rank family)(1) ; GTDB-Tk v1.1.1 (GTDB release 89, default parameters, classification rank class)(1) ; GTDB-Tk v1.1.1 (GTDB release 89, default parameters, classification rank phylum)(1)",taxonomic classification,,组装/分箱/MAG,独立键(仅自身),Assembly,否,
115,project_name,1187952,82.2221,,PulseNet(214426) ; Human gut MAGs(181002) ; GenomeTrakr(75490) ; Tara Pacific Expedition (2016-2018)(57290) ; FSIS Product/Environmental Sampling(38007) ; Metagenomic sequencing of the rumen of 240 cattle from Scotland(25654) ; NARMS-FSIS Cecal(24517) ; BRIDGE SSDs(22713) ; microbes in stratified freshwaters(13086) ; Harnessing the complexity of the marine microbiome through single cell genomics(12715) ; DevelopmentEcologyoftheHumanMicrobiome_LongitudinalStudy(6436) ; DSMP(6277) ; Amplicon metagenomics of root-associated fungi(6040) ; PRJEB33338(5570) ; Human gut genomes(4644),project name,PulseNet(214426) ; Human gut MAGs(181002) ; GenomeTrakr(75490) ; Tara Pacific Expedition (2016-2018)(57290) ; FSIS Product/Environmental Sampling(38007) ; Metagenomic sequencing of the rumen of 240 cattle from Scotland(25654) ; NARMS-FSIS Cecal(24517) ; BRIDGE SSDs(22713) ; microbes in stratified freshwaters(13086) ; Harnessing the complexity of the marine microbiome through single cell genomics(12715) ; DevelopmentEcologyoftheHumanMicrobiome_LongitudinalStudy(6436) ; DSMP(6277) ; Amplicon metagenomics of root-associated fungi(6040) ; PRJEB33338(5570) ; Human gut genomes(4644),,规范键(其他并入它),Admin,否,
116,Sex,1185606,82.3613,,female(3587214) ; male(3559715) ; pooled male and female(34669) ; hermaphrodite(23261) ; Male(11159) ; Female(11086) ; 47(7921) ; mixed(7721) ; unknown_sex(7603) ; ?(5336) ; mixed_sex(4882) ; hermaphrodite and monoecious(4712) ; mating_type_a(4477) ; 48(3884) ; mixed sex(2379),sex,female(3587214) ; male(3559715) ; pooled male and female(34669) ; hermaphrodite(23261) ; Male(11159) ; Female(11086) ; 47(7921) ; mixed(7721) ; unknown_sex(7603) ; ?(5336) ; mixed_sex(4882) ; hermaphrodite and monoecious(4712) ; mating_type_a(4477) ; 48(3884) ; mixed sex(2379),,规范键(其他并入它),Host,是,
117,source_material_id,1168630,82.4985,,,source material identifiers,,,合并→ source material identifiers,Admin,否,
118,MAG coverage software,1153584,82.634,categorical,bowtie2; v2.3.5.1(21536) ; BBMap v38.08(22),MAG coverage software,,组装/分箱/MAG,独立键(仅自身),Assembly,否,
119,environment (biome),1076494,82.7604,,,broad-scale environmental context,,,合并→ broad-scale environmental context,Environment,是,
120,cell line,1068965,82.886,,HEK293T(47232) ; HEK293(31320) ; K562(15898) ; HCT116(9530) ; HeLa(9373) ; MCF7(7532) ; A549(6773) ; MCF-7(6658) ; HepG2(6415) ; H9(5466) ; U2OS(4248) ; SUM149PT(3584) ; CGR8(3305) ; N2A(3264) ; MDA-MB-231(3166),cell line,HEK293T(47232) ; HEK293(31320) ; K562(15898) ; HCT116(9530) ; HeLa(9373) ; MCF7(7532) ; A549(6773) ; MCF-7(6658) ; HepG2(6415) ; H9(5466) ; U2OS(4248) ; SUM149PT(3584) ; CGR8(3305) ; N2A(3264) ; MDA-MB-231(3166),,规范键(其他并入它),Sample,是,
121,environment (feature),1067760,83.0114,,,local-scale environmental context,,,合并→ local-scale environmental context,Environment,是,
122,serovar,1050189,83.1347,,"Enteritidis(37066) ; Typhimurium(34783) ; Typhi(14173) ; Escherichia coli(11074) ; Infantis(10320) ; Newport(8258) ; Kentucky(8082) ; Heidelberg(5386) ; Agona(4155) ; 4,[5],12:i:-(3833) ; enteritidis(3732) ; Montevideo(3452) ; Paratyphi A(3355) ; Shigella sonnei(3327) ; 1/2a(3270)",serovar,"Enteritidis(37066) ; Typhimurium(34783) ; Typhi(14173) ; Escherichia coli(11074) ; Infantis(10320) ; Newport(8258) ; Kentucky(8082) ; Heidelberg(5386) ; Agona(4155) ; 4,[5],12:i:-(3833) ; enteritidis(3732) ; Montevideo(3452) ; Paratyphi A(3355) ; Shigella sonnei(3327) ; 1/2a(3270)",,独立键(仅自身),Sample,是,
123,environment (material),1042375,83.2571,,,environmental medium,,,合并→ environmental medium,Environment,是,
124,number of contigs,1019474,83.3768,numeric,23(5) ; 20(4) ; 47(3) ; 9(3) ; 43(3) ; 18(3) ; 31(2) ; 56(2) ; 45(2) ; 48(2) ; 42(2) ; 58(2) ; 13(2) ; 112(2) ; 195(2),number of contigs,,组装/分箱/MAG,独立键(仅自身),Assembly,否,
125,GUNC clade separation score,1019328,83.4966,empty/all-missing,,GUNC clade separation score,,组装/分箱/MAG,独立键(仅自身),Assembly,否,
126,GUNC contamination score,1019328,83.6163,empty/all-missing,,GUNC contamination score,,组装/分箱/MAG,独立键(仅自身),Assembly,否,
127,GUNC reference representation score,1019328,83.736,empty/all-missing,,GUNC reference representation score,,组装/分箱/MAG,独立键(仅自身),Assembly,否,
128,GUNC version,1019328,83.8557,empty/all-missing,,GUNC version,,组装/分箱/MAG,独立键(仅自身),Assembly,否,
129,SPIRE genome cluster,1019328,83.9754,empty/all-missing,,SPIRE genome cluster,,组装/分箱/MAG,独立键(仅自身),Assembly,否,
130,SPIRE genome id,1019328,84.0951,empty/all-missing,,SPIRE genome id,,组装/分箱/MAG,独立键(仅自身),Assembly,否,
131,contig N50,1019328,84.2148,empty/all-missing,,contig N50,,组装/分箱/MAG,独立键(仅自身),Assembly,否,
132,derived from assembly,1019328,84.3345,empty/all-missing,,derived from assembly,,组装/分箱/MAG,独立键(仅自身),Assembly,否,
133,linked to SPIRE sample,1019328,84.4542,empty/all-missing,,linked to SPIRE sample,,组装/分箱/MAG,独立键(仅自身),Assembly,否,
134,linked to SPIRE study,1019328,84.5739,empty/all-missing,,linked to SPIRE study,,组装/分箱/MAG,独立键(仅自身),Assembly,否,
135,linked to analysis project,1019328,84.6936,empty/all-missing,,linked to analysis project,,组装/分箱/MAG,独立键(仅自身),Assembly,否,
136,taxonomic classification software,1019328,84.8133,empty/all-missing,,taxonomic classification software,,组装/分箱/MAG,独立键(仅自身),Assembly,否,
137,gisaid_virus_name,1007375,84.9316,,hCoV-19/Australia/QLDID935/2020(2) ; hCoV-19/Canada/QC-HMR-96100844/2020(2) ; hCoV-19/Canada/QC-HMR-96231214/2020(2) ; hCoV-19/Canada/QC-HMR-A1236303/2020(2) ; hCoV-19/Canada/QC-HCLM-0586243726/2021(2) ; hCoV-19/Canada/MB-NML-163/2020(1) ; hCoV-19/Canada/MB-NML-166/2020(1) ; hCoV-19/Canada/MB-NML-167/2020(1) ; hCoV-19/Canada/MB-NML-168/2020(1) ; hCoV-19/Canada/MB-NML-409/2020(1) ; hCoV-19/Canada/MB-NML-410/2020(1) ; hCoV-19/Canada/MB-NML-411/2020(1) ; hCoV-19/Canada/MB-NML-412/2020(1) ; hCoV-19/Canada/MB-NML-415/2020(1) ; hCoV-19/Canada/MB-NML-416/2020(1),GISAID virus name,hCoV-19/Australia/QLDID935/2020(2) ; hCoV-19/Canada/QC-HMR-96100844/2020(2) ; hCoV-19/Canada/QC-HMR-96231214/2020(2) ; hCoV-19/Canada/QC-HMR-A1236303/2020(2) ; hCoV-19/Canada/QC-HCLM-0586243726/2021(2) ; hCoV-19/Canada/MB-NML-163/2020(1) ; hCoV-19/Canada/MB-NML-166/2020(1) ; hCoV-19/Canada/MB-NML-167/2020(1) ; hCoV-19/Canada/MB-NML-168/2020(1) ; hCoV-19/Canada/MB-NML-409/2020(1) ; hCoV-19/Canada/MB-NML-410/2020(1) ; hCoV-19/Canada/MB-NML-411/2020(1) ; hCoV-19/Canada/MB-NML-412/2020(1) ; hCoV-19/Canada/MB-NML-415/2020(1) ; hCoV-19/Canada/MB-NML-416/2020(1),,规范键(其他并入它),Sample,是,
138,organism part,1002488,85.0494,,Blood(1331405) ; blood(526186) ; leaf(269937) ; BLOOD(232462) ; Saliva(198273) ; Peripheral Blood(164727) ; Leaf(141771) ; liver(114058) ; Peripheral blood(91731) ; peripheral blood(76698) ; brain(74519) ; UBERON:feces(54112) ; Stool(51927) ; Buffy Coat(50761) ; bone marrow(50062),tissue,Blood(1331405) ; blood(526186) ; leaf(269937) ; BLOOD(232462) ; Saliva(198273) ; Peripheral Blood(164727) ; Leaf(141771) ; liver(114058) ; Peripheral blood(91731) ; peripheral blood(76698) ; brain(74519) ; UBERON:feces(54112) ; Stool(51927) ; Buffy Coat(50761) ; bone marrow(50062),,合并→ tissue,Sample,是,
139,host_subject_id,990885,85.1657,,9606(2116) ; 1(1863) ; 4(1673) ; M3(1654) ; 2(1566) ; 16(1356) ; 3(1356) ; 9(1244) ; 5(1071) ; 11(1037) ; 6(1000) ; 7(898) ; 8(885) ; 12(867) ; 15(782),host subject id,9606(2116) ; 1(1863) ; 4(1673) ; M3(1654) ; 2(1566) ; 16(1356) ; 3(1356) ; 9(1244) ; 5(1071) ; 11(1037) ; 6(1000) ; 7(898) ; 8(885) ; 12(867) ; 15(782),,规范键(其他并入它),Host,是,
140,brain region,986070,85.2815,freetext/high-card,"CP(14243) ; ACA,PL,ILA(12889) ; PIR(12827) ; M1(12185) ; SSp(11475) ; DG(10136) ; MOp(9940) ; CA(9500) ; FC(8194) ; MOs(7408) ; ACB(6266) ; ACC(6144) ; DHC(6140) ; MTG(6135) ; A5-A7(6132)",brain region,,,独立键(仅自身),Host,是,
141,isol_growth_condt,980312,85.3967,,,isolation and growth condition,,,合并→ isolation and growth condition,Sequencing,否,
142,ArrayExpress-SPECIES,948611,85.5081,freetext/high-card,Danio rerio(24033) ; Staphylococcus aureus(20955) ; Mus musculus(18442) ; Homo sapiens(15567) ; Saccharomyces cerevisiae(15344) ; Streptococcus pneumoniae(14923) ; Mus Musculus(12741) ; Plasmodium falciparum(12110) ; Escherichia coli(11181) ; Campylobacter sp.(7870) ; Mycobacterium tuberculosis(7732) ; Homo Sapien(6401) ; Neisseria meningitidis(5991) ; Klebsiella pneumoniae(4036) ; Campylobacter jejuni(3585),ArrayExpress-SPECIES,,,独立键(仅自身),Sample,是,
143,gap_parent_phs,870993,85.6103,freetext/high-card,phs000200(118703) ; phs000788(78483) ; phs000007(64408) ; phs000280(59671) ; phs000178(38799) ; phs000743(32570) ; phs000810(26446) ; phs000287(24374) ; phs000209(23922) ; phs001442(22071) ; phs001078(18583) ; phs001194(18384) ; phs001133(16785) ; phs000285(13539) ; phs001120(12950),gap_parent_phs,,,独立键(仅自身),Admin,否,
144,gender,842901,85.7093,,female(3587214) ; male(3559715) ; pooled male and female(34669) ; hermaphrodite(23261) ; Male(11159) ; Female(11086) ; 47(7921) ; mixed(7721) ; unknown_sex(7603) ; ?(5336) ; mixed_sex(4882) ; hermaphrodite and monoecious(4712) ; mating_type_a(4477) ; 48(3884) ; mixed sex(2379),sex,female(3587214) ; male(3559715) ; pooled male and female(34669) ; hermaphrodite(23261) ; Male(11159) ; Female(11086) ; 47(7921) ; mixed(7721) ; unknown_sex(7603) ; ?(5336) ; mixed_sex(4882) ; hermaphrodite and monoecious(4712) ; mating_type_a(4477) ; 48(3884) ; mixed sex(2379),,合并→ sex,Host,是,
145,Sample Name,832934,85.8072,,1(1103) ; 3(731) ; 4(694) ; 5(642) ; 6(613) ; 7(589) ; 8(580) ; 10(555) ; 11(545) ; 14(469) ; 16(467) ; 15(466) ; 18(444) ; 19(425) ; 23(392),sample name,1(1103) ; 3(731) ; 4(694) ; 5(642) ; 6(613) ; 7(589) ; 8(580) ; 10(555) ; 11(545) ; 14(469) ; 16(467) ; 15(466) ; 18(444) ; 19(425) ; 23(392),,规范键(其他并入它),Admin,否,
146,elev,809119,85.9022,,,elevation,,,合并→ elevation,Geography,是,
147,source_type,785826,85.9945,,human(243138) ; food(52392) ; animal(32018) ; environmental(29909) ; Animal feed(322) ; primary tissue(175) ; G(146) ; acute slice(133) ; cell line(116) ; primary culture(109) ; Imperial_Beach_North(33) ; Tijuana_Slough(31) ; Food(30) ; Border_Field_Beach(30) ; Silver_Strand_Beach(30),source type,human(243138) ; food(52392) ; animal(32018) ; environmental(29909) ; Animal feed(322) ; primary tissue(175) ; G(146) ; acute slice(133) ; cell line(116) ; primary culture(109) ; Imperial_Beach_North(33) ; Tijuana_Slough(31) ; Food(30) ; Border_Field_Beach(30) ; Silver_Strand_Beach(30),,规范键(其他并入它),Sample,是,
148,purpose_of_sampling,781732,86.0863,,Regulatory Sampling(33808) ; surveilliance [GENEPIO:0100004](24517) ; Diagnostic Testing(21442) ; Diagnostic testing(13001) ; Exploratory Sampling(4199) ; baseline surveillance/monitoring(2293) ; Surveillance Testing(908) ; diagnostic testing(606) ; Cluster Investigation(313) ; Research(286) ; research(112) ; Surveillance(102) ; diagnostic purpose(94) ; Screened for S dropout(24) ; Community survillence(11),purpose of sampling,Regulatory Sampling(33808) ; surveilliance [GENEPIO:0100004](24517) ; Diagnostic Testing(21442) ; Diagnostic testing(13001) ; Exploratory Sampling(4199) ; baseline surveillance/monitoring(2293) ; Surveillance Testing(908) ; diagnostic testing(606) ; Cluster Investigation(313) ; Research(286) ; research(112) ; Surveillance(102) ; diagnostic purpose(94) ; Screened for S dropout(24) ; Community survillence(11),,规范键(其他并入它),Sequencing,否,
149,cell_line,767993,86.1765,,HEK293T(47232) ; HEK293(31320) ; K562(15898) ; HCT116(9530) ; HeLa(9373) ; MCF7(7532) ; A549(6773) ; MCF-7(6658) ; HepG2(6415) ; H9(5466) ; U2OS(4248) ; SUM149PT(3584) ; CGR8(3305) ; N2A(3264) ; MDA-MB-231(3166),cell line,HEK293T(47232) ; HEK293(31320) ; K562(15898) ; HCT116(9530) ; HeLa(9373) ; MCF7(7532) ; A549(6773) ; MCF-7(6658) ; HepG2(6415) ; H9(5466) ; U2OS(4248) ; SUM149PT(3584) ; CGR8(3305) ; N2A(3264) ; MDA-MB-231(3166),,规范键(其他并入它),Sample,是,
150,isolate_name_alias,751278,86.2647,,1(64) ; 2(21) ; 8(19) ; 17(19) ; 5(18) ; 27(16) ; 25(13) ; 4(13) ; 9(9) ; 23(8) ; 58(8) ; 7(8) ; 22(7) ; 14(7) ; 10(7),isolate name alias,1(64) ; 2(21) ; 8(19) ; 17(19) ; 5(18) ; 27(16) ; 25(13) ; 4(13) ; 9(9) ; 23(8) ; 58(8) ; 7(8) ; 22(7) ; 14(7) ; 10(7),,规范键(其他并入它),Sample,是,
151,env_material,742966,86.3519,,,environmental medium,,,合并→ environmental medium,Environment,是,
152,samp_collect_device,724780,86.437,,,sample collection device or method,,,合并→ sample collection device or method,Admin,否,
153,Sampling Strategy,687063,86.5177,categorical,Random sampling(7958) ; Suspect sampling(3539) ; Outbreak investigation(19),Sampling Strategy,,,独立键(仅自身),Sequencing,否,
154,isolation source,686844,86.5984,,human gut(210860) ; feces(144921) ; stool(130999) ; human(117253) ; soil(104511) ; blood(61923) ; sputum(45943) ; nasal(44995) ; clinical(29319) ; urine(25803) ; cattle rumen(25508) ; sterile site(24177) ; water(23279) ; nasopharyngeal swab(20991) ; seawater(18528),isolation source,human gut(210860) ; feces(144921) ; stool(130999) ; human(117253) ; soil(104511) ; blood(61923) ; sputum(45943) ; nasal(44995) ; clinical(29319) ; urine(25803) ; cattle rumen(25508) ; sterile site(24177) ; water(23279) ; nasopharyngeal swab(20991) ; seawater(18528),,规范键(其他并入它),Sample,是,
155,disease,670416,86.6771,,normal(109747) ; Lung adenocarcinoma(7781) ; acute myeloid leukemia(7697) ; healthy(7575) ; breast carcinoma(6675) ; breast cancer(5969) ; Control(5420) ; neuroblastoma(5199) ; Healthy(4962) ; melanoma(4754) ; multiple myeloma(4220) ; cancer(4108) ; Orphanet:399(4082) ; Normal(3915) ; Carcinoma(3734),disease,normal(109747) ; Lung adenocarcinoma(7781) ; acute myeloid leukemia(7697) ; healthy(7575) ; breast carcinoma(6675) ; breast cancer(5969) ; Control(5420) ; neuroblastoma(5199) ; Healthy(4962) ; melanoma(4754) ; multiple myeloma(4220) ; cancer(4108) ; Orphanet:399(4082) ; Normal(3915) ; Carcinoma(3734),,规范键(其他并入它),Host,是,
156,env_biome,665061,86.7552,,,broad-scale environmental context,,,合并→ broad-scale environmental context,Environment,是,
157,developmental stage,665002,86.8333,,,development stage,,,合并→ development stage,Host,是,
158,receipt date,644768,86.909,freetext/high-card,2021-06-08(3927) ; 2021-06-30(1422) ; 2021-02-01(1381) ; 2021-06-22(1380) ; 2021-07-06(1214) ; 2021-07-07(1137) ; 2021-06-29(1089) ; 2021-01-08(966) ; 2021-06-15(896) ; 2021-06-21(770) ; 2021-07-02(690) ; 2021-02-18(685) ; 2021-01-07(672) ; 2021-05-20(597) ; 2021-02-25(582),receipt date,,,独立键(仅自身),Admin,否,
159,gisaid_accession,601945,86.9797,,EPI_ISL_775021(2) ; EPI_ISL_775022(2) ; EPI_ISL_775023(2) ; EPI_ISL_775024(2) ; EPI_ISL_775025(2) ; EPI_ISL_775026(2) ; EPI_ISL_775027(2) ; EPI_ISL_775028(2) ; EPI_ISL_671595(2) ; EPI_ISL_1922126(2) ; EPI_ISL_436097(2) ; EPI_ISL_2604841(2) ; EPI_ISL_1167307(2) ; EPI_ISL_1167299(2) ; EPI_ISL_1167304(2),GISAID accession,EPI_ISL_775021(2) ; EPI_ISL_775022(2) ; EPI_ISL_775023(2) ; EPI_ISL_775024(2) ; EPI_ISL_775025(2) ; EPI_ISL_775026(2) ; EPI_ISL_775027(2) ; EPI_ISL_775028(2) ; EPI_ISL_671595(2) ; EPI_ISL_1922126(2) ; EPI_ISL_436097(2) ; EPI_ISL_2604841(2) ; EPI_ISL_1167307(2) ; EPI_ISL_1167299(2) ; EPI_ISL_1167304(2),,规范键(其他并入它),Admin,否,
160,specimen_voucher,583610,87.0483,,"DAV(463) ; 15(132) ; 0(101) ; Experiments made use of destructive sampling method but sample seeds from each line is kept in pure stocks at Texas Tech University.(97) ; National Genomics Center for Wildlife and Fish Conservation laboratory collection, Missoula, MT., USA(96) ; JR 500 (NFLD)(56) ; not_applicable(45) ; Library preparation negative control(45) ; 1(39) ; SD(37) ; Bombus impatiens(36) ; Bombus griseocollis(35) ; Extraction negative control(34) ; MELU(33) ; 2(32)",specimen voucher,"DAV(463) ; 15(132) ; 0(101) ; Experiments made use of destructive sampling method but sample seeds from each line is kept in pure stocks at Texas Tech University.(97) ; National Genomics Center for Wildlife and Fish Conservation laboratory collection, Missoula, MT., USA(96) ; JR 500 (NFLD)(56) ; not_applicable(45) ; Library preparation negative control(45) ; 1(39) ; SD(37) ; Bombus impatiens(36) ; Bombus griseocollis(35) ; Extraction negative control(34) ; MELU(33) ; 2(32)",,规范键(其他并入它),Admin,否,
161,env_feature,575819,87.1159,,,local-scale environmental context,,,合并→ local-scale environmental context,Environment,是,
162,samp_size,558334,87.1815,,,sample size,,,合并→ sample size,Sample,是,
163,ref_biomaterial,552444,87.2463,,,reference for biomaterial,,,合并→ reference for biomaterial,Admin,否,
164,samp_mat_process,548924,87.3108,,,sample material processing,,,合并→ sample material processing,Sequencing,否,
165,metagenomic,547195,87.3751,categorical,1(88332) ; true(18030) ; TRUE(11230) ; True(153) ; yes(1),metagenomic,,,独立键(仅自身),Sample,是,
166,subject id,539615,87.4384,freetext/high-card,SD2052v(1) ; BCR_MV_PBMC6667232(1) ; BCR_MV_PBMC6667233(1) ; BCR_MV_PBMC6667234(1) ; BCR_MV_PBMC6667235(1) ; BCR_MV_PBMC6667236(1) ; BCR_MV_PBMC6667237(1) ; BCR_MV_PBMC6667238(1) ; BCR_MV_PBMC6667239(1) ; BCR_MV_PBMC6667240(1) ; BCR_MV_PBMC6667241(1) ; BCR_MV_PBMC6667242(1) ; BCR_MV_PBMC6667243(1) ; BCR_MV_PBMC6667244(1) ; BCR_MV_PBMC6667245(1),subject id,,,独立键(仅自身),Host,是,
167,environmental-sample,533517,87.5011,categorical,1(87403) ; true(7991) ; TRUE(6374),environmental-sample,,,独立键(仅自身),Sample,是,
168,cell_type,526728,87.563,,"induced pluripotent stem cell(30241) ; neuron(18215) ; embryonic stem cell(16195) ; fibroblast(14293) ; PBMC(13993) ; hepatocyte(12884) ; B-Lymphocyte(12065) ; CD8+ T cell(10149) ; epithelial cell(8660) ; T cell(8503) ; Hepatic Progenitor Cells(8464) ; CD4-positive, alpha-beta T cell(8164) ; B cell(7640) ; mononuclear cell(7513) ; CA1 inhibitory cells(6971)",cell type,"induced pluripotent stem cell(30241) ; neuron(18215) ; embryonic stem cell(16195) ; fibroblast(14293) ; PBMC(13993) ; hepatocyte(12884) ; B-Lymphocyte(12065) ; CD8+ T cell(10149) ; epithelial cell(8660) ; T cell(8503) ; Hepatic Progenitor Cells(8464) ; CD4-positive, alpha-beta T cell(8164) ; B cell(7640) ; mononuclear cell(7513) ; CA1 inhibitory cells(6971)",,规范键(其他并入它),Sample,是,
169,metagenome-source,520220,87.624,,gut metagenome(19526) ; human gut metagenome(13043) ; marine metagenome(10995) ; groundwater metagenome(7326) ; freshwater metagenome(6214) ; human oral metagenome(4466) ; soil metagenome(4286) ; marine sediment metagenome(3517) ; activated sludge metagenome(3496) ; subsurface metagenome(3360) ; anaerobic digester metagenome(3177) ; wastewater metagenome(3034) ; hydrothermal vent metagenome(2720) ; bioreactor metagenome(2077) ; soda lake metagenome(2060),metagenome source,gut metagenome(19526) ; human gut metagenome(13043) ; marine metagenome(10995) ; groundwater metagenome(7326) ; freshwater metagenome(6214) ; human oral metagenome(4466) ; soil metagenome(4286) ; marine sediment metagenome(3517) ; activated sludge metagenome(3496) ; subsurface metagenome(3360) ; anaerobic digester metagenome(3177) ; wastewater metagenome(3034) ; hydrothermal vent metagenome(2720) ; bioreactor metagenome(2077) ; soda lake metagenome(2060),,规范键(其他并入它),Sample,是,
170,sample-type,492282,87.6819,,metagenomic assembly(120518) ; tissue sample(78871) ; cell culture(78394) ; whole organism(45246) ; stool(39361) ; feces(34024) ; single cell(30950) ; Stool(24261) ; skin(14394) ; Cell culture(14062) ; soil(13906) ; mixed culture(13585) ; Tissue sample(10786) ; pure culture(8951) ; Whole organism(8533),sample type,metagenomic assembly(120518) ; tissue sample(78871) ; cell culture(78394) ; whole organism(45246) ; stool(39361) ; feces(34024) ; single cell(30950) ; Stool(24261) ; skin(14394) ; Cell culture(14062) ; soil(13906) ; mixed culture(13585) ; Tissue sample(10786) ; pure culture(8951) ; Whole organism(8533),,规范键(其他并入它),Sample,是,
171,elevation,462395,87.7362,,,elevation,,,规范键(其他并入它),Geography,是,
172,host age,454553,87.7895,,20-29(8203) ; 28(6607) ; 26(6599) ; 25(6539) ; 27(6537) ; 21(6429) ; 23(6422) ; 30(6388) ; 24(6265) ; 35(6216) ; 29(6178) ; 22(6125) ; 30-39(6072) ; 31(5915) ; 32(5739),host age,20-29(8203) ; 28(6607) ; 26(6599) ; 25(6539) ; 27(6537) ; 21(6429) ; 23(6422) ; 30(6388) ; 24(6265) ; 35(6216) ; 29(6178) ; 22(6125) ; 30-39(6072) ; 31(5915) ; 32(5739),,规范键(其他并入它),Host,是,
173,SUBJECT_ID,439887,87.8412,freetext/high-card,SD2052v(1) ; BCR_MV_PBMC6667232(1) ; BCR_MV_PBMC6667233(1) ; BCR_MV_PBMC6667234(1) ; BCR_MV_PBMC6667235(1) ; BCR_MV_PBMC6667236(1) ; BCR_MV_PBMC6667237(1) ; BCR_MV_PBMC6667238(1) ; BCR_MV_PBMC6667239(1) ; BCR_MV_PBMC6667240(1) ; BCR_MV_PBMC6667241(1) ; BCR_MV_PBMC6667242(1) ; BCR_MV_PBMC6667243(1) ; BCR_MV_PBMC6667244(1) ; BCR_MV_PBMC6667245(1),subject id,,,独立键(仅自身),Host,是,
174,individual,406097,87.8889,freetext/high-card,2(6249) ; 1(5485) ; 3(4454) ; 5(4136) ; 4(3257) ; D8(1572) ; D7(1265) ; D9(1237) ; CS7(1196) ; 6(949) ; D5(878) ; batch 2(846) ; 7(783) ; NA19098(767) ; D6(650),individual,,,独立键(仅自身),Host,是,
175,identified_by,402653,87.9362,,"Heyu Lin(2088) ; INMEGEN(1837) ; Tsurusaki, N(1482) ; MAARTEN J. M. CHRISTENHUSZ(1083) ; Maarten J. M. Christenhusz(931) ; RFLP-PCR assay of COI fragment(887) ; Douglas Boyes(833) ; J. A. Castillo Vardaro(705) ; Telleasha Greay(655) ; DAVID BELL(647) ; Joaquin Ortego(560) ; Elijah Juma(560) ; ANGUS DAVISON(546) ; Steven Falk(536) ; SD Schoville(532)",identified by,"Heyu Lin(2088) ; INMEGEN(1837) ; Tsurusaki, N(1482) ; MAARTEN J. M. CHRISTENHUSZ(1083) ; Maarten J. M. Christenhusz(931) ; RFLP-PCR assay of COI fragment(887) ; Douglas Boyes(833) ; J. A. Castillo Vardaro(705) ; Telleasha Greay(655) ; DAVID BELL(647) ; Joaquin Ortego(560) ; Elijah Juma(560) ; ANGUS DAVISON(546) ; Steven Falk(536) ; SD Schoville(532)",,规范键(其他并入它),Admin,否,
176,host description,391182,87.9821,,Foodbourne outbreak(3165) ; Human(795) ; no diabetes(742) ; Baseline(445) ; Holstein(441) ; symptomatic(401) ; Sedentary(281) ; patients(268) ; ART-naive(257) ; Homo sapiens(247) ; Patient recieved prior antiviral therapy but did not achieve sustained virological response(241) ; CATTLE(230) ; Patients in intensive care unit(207) ; Broiler grower(200) ; diabetes(162),host description,Foodbourne outbreak(3165) ; Human(795) ; no diabetes(742) ; Baseline(445) ; Holstein(441) ; symptomatic(401) ; Sedentary(281) ; patients(268) ; ART-naive(257) ; Homo sapiens(247) ; Patient recieved prior antiviral therapy but did not achieve sustained virological response(241) ; CATTLE(230) ; Patients in intensive care unit(207) ; Broiler grower(200) ; diabetes(162),,规范键(其他并入它),Host,是,
177,sample type,388277,88.0277,,metagenomic assembly(120518) ; tissue sample(78871) ; cell culture(78394) ; whole organism(45246) ; stool(39361) ; feces(34024) ; single cell(30950) ; Stool(24261) ; skin(14394) ; Cell culture(14062) ; soil(13906) ; mixed culture(13585) ; Tissue sample(10786) ; pure culture(8951) ; Whole organism(8533),sample type,metagenomic assembly(120518) ; tissue sample(78871) ; cell culture(78394) ; whole organism(45246) ; stool(39361) ; feces(34024) ; single cell(30950) ; Stool(24261) ; skin(14394) ; Cell culture(14062) ; soil(13906) ; mixed culture(13585) ; Tissue sample(10786) ; pure culture(8951) ; Whole organism(8533),,规范键(其他并入它),Sample,是,
178,phenotype,385008,88.0729,,Yeast(14071) ; Not supplied(10019) ; T cell(6919) ; Wildtype(6276) ; Normal(6041) ; wildtype(5952) ; Healthy tissue(5800) ; Mouse(5089) ; thymic epithelial cells(4608) ; Healthy(4249) ; Human Gut Microbiota(3189) ; Not Supplied(3072) ; wild type(2931) ; Cyp11a1-mCherry positive(2880) ; WT(2757),phenotype,Yeast(14071) ; Not supplied(10019) ; T cell(6919) ; Wildtype(6276) ; Normal(6041) ; wildtype(5952) ; Healthy tissue(5800) ; Mouse(5089) ; thymic epithelial cells(4608) ; Healthy(4249) ; Human Gut Microbiota(3189) ; Not Supplied(3072) ; wild type(2931) ; Cyp11a1-mCherry positive(2880) ; WT(2757),,独立键(仅自身),Host,是,
179,host_tissue_sampled,376758,88.1172,,UBERON:feces(33321) ; Supragingival plaque(6859) ; whole body(5462) ; gut(4145) ; Urethral(4090) ; Nasopharyngeal swab(3564) ; feces(3441) ; rectum(3360) ; saliva [UBERON:0001836](3347) ; Saliva(3262) ; Faeces(3125) ; UBERON:arm skin(2865) ; UBERON:mouth(2532) ; vaginal epithelial surface(2179) ; Rectal(2109),host tissue sampled,UBERON:feces(33321) ; Supragingival plaque(6859) ; whole body(5462) ; gut(4145) ; Urethral(4090) ; Nasopharyngeal swab(3564) ; feces(3441) ; rectum(3360) ; saliva [UBERON:0001836](3347) ; Saliva(3262) ; Faeces(3125) ; UBERON:arm skin(2865) ; UBERON:mouth(2532) ; vaginal epithelial surface(2179) ; Rectal(2109),,规范键(其他并入它),Sample,是,
180,num_replicons,368983,88.1605,,,number of replicons,,组装/分箱/MAG,合并→ number of replicons,Assembly,否,
181,derived-from,365787,88.2035,,"Human(1837) ; This BioSample is a metagenomic assembly obtained from the activated sludge metagenome BioSamples: SAMN08389165, SAMN08389166, SAMN08389167, SAMN08389168, SAMN08389169, SAMN08389170, SAMN08389171, SAMN08389172, SAMN08389173, SAMN08389174, SAMN08389175, SAMN08389176, SAMN08389177, SAMN08389178, SAMN08389179, SAMN08389180, SAMN08389181, SAMN08389182, SAMN08389183, SAMN08389184, SAMN08389185, SAMN08389186, SAMN08389187, SAMN08389188, SAMN08389189, SAMN08389190, SAMN08389191, SAMN08389192, SAMN08389193, SAMN08389194, SAMN08389195, SAMN08389196, SAMN08389197, SAMN08389198, SAMN08389199, SAMN08389200, SAMN08389201, SAMN08389202, SAMN08389203, SAMN08389204, SAMN08389205, SAMN08389206, SAMN08389207, SAMN08389208, SAMN08389209, SAMN08389210, SAMN08389211, SAMN08389212, SAMN08389213, SAMN08389214, SAMN08389215, SAMN08389216, SAMN08389217, SAMN08389218, SAMN08389219, SAMN08389220, SAMN08389221, SAMN08389222, SAMN08389223, SAMN08389224, SAMN08389225, SAMN08389226, SAMN08389227, SAMN08389228, SAM N08389229, SAMN08389230, SAMN08389231, SAMN08389232, SAMN08389233, SAMN08389234, SAMN08389235, SAMN08389236, SAMN08389237, SAMN08389238, SAMN08389239, SAMN08389240, SAMN08389241, SAMN08389242, SAMN08389243, SAMN08389244, SAMN08389245, SAMN08389246, SAMN08389247, SAMN08389248, SAMN08389249, SAMN08389250, SAMN08389251, SAMN08389252, SAMN08389253, SAMN08389254, SAMN08389255, SAMN08389256, SAMN08389257, SAMN08389258, SAMN08389259, SAMN08389260, SAMN08389261, and SAMN08389262(920) ; This BioSample is a metagenomic assembly obtained from the gut metagenome BioSamples: SAMN20206759,SAMN20206760,SAMN20206761,SAMN20206762,SAMN20206763,SAMN20206764,SAMN20206765,SAMN20206766,SAMN20206767,SAMN20206768,SAMN20206769,SAMN20206770,SAMN20206771,SAMN20206772,SAMN20206773,SAMN20206774,SAMN20206775,SAMN20206776,SAMN20206777,SAMN20206778,SAMN20206779,SAMN20206780,SAMN20206781,SAMN20206782,SAMN20206783,SAMN20206784,SAMN20206785,SAMN20206786,SAMN20206787,SAMN20206788,SAMN20206789,SAMN20206790,SAMN20206791,SAMN20206792,SAMN20206793,SAMN20206794,SAMN20206795,SAMN20206796,SAMN20206797,SAMN20206798,SAMN20206799,SAMN20206800,SAMN20206801,SAMN20206802(591) ; This BioSample is a metagenomic assembly obtained from the mouse gut metagenome BioSamples: SAMN14144348,SAMN14144349,SAMN14144350,SAMN14144351,SAMN14144352,SAMN14144353,SAMN14144354,SAMN14144355,SAMN14144356,SAMN14144357,SAMN14144358,SAMN14144359,SAMN14144360,SAMN14144361,SAMN14144362,SAMN14144363,SAMN14144364,SAMN14144365(590) ; This BioSample is a metagenomic assembly obtained from the mine drainage metagenome BioSamples: SAMN18898484, SAMN18898485, SAMN18898486, SAMN18898487, SAMN18898488, SAMN18898489, SAMN18898490, SAMN18898491, SAMN18898492, and SAMN18898493(566) ; This BioSample is a metagenomic assembly obtained from the Activated sludge metagenome BioSample:SAMN15648910(557) ; Human blood(556) ; This BioSample is a metagenomic assembly obtained from the human oral metagenome BioSample: SAMN09489426(527) ; This BioSample is a metagenomic assembly obtained from the groundwater metagenome BioSample: SAMN15459600(524) ; This BioSample is a metagenomic assembly obtained from the freshwater metagenome BioSample: SAMN17269717(516) ; This BioSample is a metagenomic assembly obtained from the PNA biofilm metagenome BioSample: SAMN14350132, SAMN14350134, SAMN14350135, SAMN14350144, SAMN14350146, SAMN14350147, SAMN14350154, SAMN14350155, SAMN14350160, SAMN14350166, SAMN14350167, SAMN14350168, SAMN14350177, SAMN14350178, SAMN14350179, SAMN14350189, SAMN14350190 and SAMN14350191.(430) ; PN9(418) ; PN8(418) ; This BioSample is a metagenomic assembly obtained from the bioreactor metagenome BioSamples: SAMN13418212, SAMN13418213, SAMN13418214, SAMN13418245, SAMN13418246, SAMN13418247, SAMN13418248, SAMN13418249, SAMN13418250, SAMN13418251, SAMN13418252, SAMN13418253, SAMN13418254, SAMN15778297, SAMN15778298, SAMN15778299, SAMN15778300, SAMN15778301, SAMN15778302, SAMN15778303, SAMN15778304, SAMN15778305, SAMN15778306, SAMN15778307, SAMN15778308, SAMN15778309, SAMN15778310, SAMN15778311, SAMN15778312, SAMN15778313, SAMN15778314, SAMN15778315, and SAMN15778316(403) ; Blood(401)",derived from,"Human(1837) ; This BioSample is a metagenomic assembly obtained from the activated sludge metagenome BioSamples: SAMN08389165, SAMN08389166, SAMN08389167, SAMN08389168, SAMN08389169, SAMN08389170, SAMN08389171, SAMN08389172, SAMN08389173, SAMN08389174, SAMN08389175, SAMN08389176, SAMN08389177, SAMN08389178, SAMN08389179, SAMN08389180, SAMN08389181, SAMN08389182, SAMN08389183, SAMN08389184, SAMN08389185, SAMN08389186, SAMN08389187, SAMN08389188, SAMN08389189, SAMN08389190, SAMN08389191, SAMN08389192, SAMN08389193, SAMN08389194, SAMN08389195, SAMN08389196, SAMN08389197, SAMN08389198, SAMN08389199, SAMN08389200, SAMN08389201, SAMN08389202, SAMN08389203, SAMN08389204, SAMN08389205, SAMN08389206, SAMN08389207, SAMN08389208, SAMN08389209, SAMN08389210, SAMN08389211, SAMN08389212, SAMN08389213, SAMN08389214, SAMN08389215, SAMN08389216, SAMN08389217, SAMN08389218, SAMN08389219, SAMN08389220, SAMN08389221, SAMN08389222, SAMN08389223, SAMN08389224, SAMN08389225, SAMN08389226, SAMN08389227, SAMN08389228, SAM N08389229, SAMN08389230, SAMN08389231, SAMN08389232, SAMN08389233, SAMN08389234, SAMN08389235, SAMN08389236, SAMN08389237, SAMN08389238, SAMN08389239, SAMN08389240, SAMN08389241, SAMN08389242, SAMN08389243, SAMN08389244, SAMN08389245, SAMN08389246, SAMN08389247, SAMN08389248, SAMN08389249, SAMN08389250, SAMN08389251, SAMN08389252, SAMN08389253, SAMN08389254, SAMN08389255, SAMN08389256, SAMN08389257, SAMN08389258, SAMN08389259, SAMN08389260, SAMN08389261, and SAMN08389262(920) ; This BioSample is a metagenomic assembly obtained from the gut metagenome BioSamples: SAMN20206759,SAMN20206760,SAMN20206761,SAMN20206762,SAMN20206763,SAMN20206764,SAMN20206765,SAMN20206766,SAMN20206767,SAMN20206768,SAMN20206769,SAMN20206770,SAMN20206771,SAMN20206772,SAMN20206773,SAMN20206774,SAMN20206775,SAMN20206776,SAMN20206777,SAMN20206778,SAMN20206779,SAMN20206780,SAMN20206781,SAMN20206782,SAMN20206783,SAMN20206784,SAMN20206785,SAMN20206786,SAMN20206787,SAMN20206788,SAMN20206789,SAMN20206790,SAMN20206791,SAMN20206792,SAMN20206793,SAMN20206794,SAMN20206795,SAMN20206796,SAMN20206797,SAMN20206798,SAMN20206799,SAMN20206800,SAMN20206801,SAMN20206802(591) ; This BioSample is a metagenomic assembly obtained from the mouse gut metagenome BioSamples: SAMN14144348,SAMN14144349,SAMN14144350,SAMN14144351,SAMN14144352,SAMN14144353,SAMN14144354,SAMN14144355,SAMN14144356,SAMN14144357,SAMN14144358,SAMN14144359,SAMN14144360,SAMN14144361,SAMN14144362,SAMN14144363,SAMN14144364,SAMN14144365(590) ; This BioSample is a metagenomic assembly obtained from the mine drainage metagenome BioSamples: SAMN18898484, SAMN18898485, SAMN18898486, SAMN18898487, SAMN18898488, SAMN18898489, SAMN18898490, SAMN18898491, SAMN18898492, and SAMN18898493(566) ; This BioSample is a metagenomic assembly obtained from the Activated sludge metagenome BioSample:SAMN15648910(557) ; Human blood(556) ; This BioSample is a metagenomic assembly obtained from the human oral metagenome BioSample: SAMN09489426(527) ; This BioSample is a metagenomic assembly obtained from the groundwater metagenome BioSample: SAMN15459600(524) ; This BioSample is a metagenomic assembly obtained from the freshwater metagenome BioSample: SAMN17269717(516) ; This BioSample is a metagenomic assembly obtained from the PNA biofilm metagenome BioSample: SAMN14350132, SAMN14350134, SAMN14350135, SAMN14350144, SAMN14350146, SAMN14350147, SAMN14350154, SAMN14350155, SAMN14350160, SAMN14350166, SAMN14350167, SAMN14350168, SAMN14350177, SAMN14350178, SAMN14350179, SAMN14350189, SAMN14350190 and SAMN14350191.(430) ; PN9(418) ; PN8(418) ; This BioSample is a metagenomic assembly obtained from the bioreactor metagenome BioSamples: SAMN13418212, SAMN13418213, SAMN13418214, SAMN13418245, SAMN13418246, SAMN13418247, SAMN13418248, SAMN13418249, SAMN13418250, SAMN13418251, SAMN13418252, SAMN13418253, SAMN13418254, SAMN15778297, SAMN15778298, SAMN15778299, SAMN15778300, SAMN15778301, SAMN15778302, SAMN15778303, SAMN15778304, SAMN15778305, SAMN15778306, SAMN15778307, SAMN15778308, SAMN15778309, SAMN15778310, SAMN15778311, SAMN15778312, SAMN15778313, SAMN15778314, SAMN15778315, and SAMN15778316(403) ; Blood(401)",,规范键(其他并入它),Sample,是,
182,temp,358836,88.2456,,,temperature,,,合并→ temperature,Environment,是,
183,scientific name,350753,88.2868,freetext/high-card,Homo sapiens(44172) ; thuja plicata(4832) ; Gallus gallus(3590) ; homo sapiens(3588) ; Sus scrofa(3216) ; Aphis glycines(2841) ; Homo Sapien(2601) ; homo sapien(2306) ; Bos taurus(2282) ; Vigna unguiculata(1659) ; Arabidopsis thaliana(1593) ; Canis familiaris(1572) ; Triticum aestivum(1564) ; Anas platyrhynchos platyrhynchos(1210) ; Zea mays L.(982),scientific_name,,,独立键(仅自身),Sample,是,
184,organism,348731,88.3278,freetext/high-card,human gut metagenome(12911) ; mouse gut metagenome(7072) ; soil metagenome(6172) ; metagenome(4854) ; marine metagenome(2939) ; human skin metagenome(1980) ; Mus musculus(1415) ; human metagenome(1064) ; bioreactor metagenome(851) ; gut metagenome(834) ; human oral metagenome(813) ; freshwater metagenome(789) ; chicken gut metagenome(775) ; Arabidopsis thaliana(725) ; human lung metagenome(694),organism,,,独立键(仅自身),Sample,是,
185,longitude,346186,88.3684,numeric,37.24231(14371) ; -117.25(11916) ; -74.0059(6635) ; -105.27(6013) ; -117.258(4431) ; -117.257767(3506) ; -105.271(3315) ; -70.66(3186) ; -0.12(2857) ; -87.36(2756) ; -90.26(2386) ; -117.2(2330) ; -95.71(2325) ; 34.1(2313) ; -92.4699(1969),longitude,,,规范键(其他并入它),Geography,是,
186,latitude,345872,88.409,numeric,-2.63501(14371) ; 32.5(8902) ; 40.127(6635) ; 40.01(6585) ; 40.015(4462) ; 32.842(4431) ; 32.842674(3869) ; 51.5(3534) ; 32.84(3431) ; -33.45(3186) ; 32.8(2934) ; 41.47(2756) ; 38.65(2386) ; 32.7157(2369) ; 37.09(2325),latitude,,,规范键(其他并入它),Geography,是,
187,ArrayExpress-Species,343985,88.4494,freetext/high-card,Danio rerio(24033) ; Staphylococcus aureus(20955) ; Mus musculus(18442) ; Homo sapiens(15567) ; Saccharomyces cerevisiae(15344) ; Streptococcus pneumoniae(14923) ; Mus Musculus(12741) ; Plasmodium falciparum(12110) ; Escherichia coli(11181) ; Campylobacter sp.(7870) ; Mycobacterium tuberculosis(7732) ; Homo Sapien(6401) ; Neisseria meningitidis(5991) ; Klebsiella pneumoniae(4036) ; Campylobacter jejuni(3585),ArrayExpress-SPECIES,,,独立键(仅自身),Sample,是,
188,cemba_id,320568,88.4871,freetext/high-card,4B(2881) ; 1B(2838) ; 5H(2708) ; 2E(2698) ; 11F(2687) ; 3A(2676) ; 6A(2676) ; 8E(2673) ; 6B(2664) ; 1C(2649) ; 5G(2641) ; 9J(2611) ; 4F(2605) ; 5E(2604) ; 6D(2584),cemba_id,,,独立键(仅自身),Admin,否,
189,disease state,319869,88.5246,,normal(109747) ; Lung adenocarcinoma(7781) ; acute myeloid leukemia(7697) ; healthy(7575) ; breast carcinoma(6675) ; breast cancer(5969) ; Control(5420) ; neuroblastoma(5199) ; Healthy(4962) ; melanoma(4754) ; multiple myeloma(4220) ; cancer(4108) ; Orphanet:399(4082) ; Normal(3915) ; Carcinoma(3734),disease,normal(109747) ; Lung adenocarcinoma(7781) ; acute myeloid leukemia(7697) ; healthy(7575) ; breast carcinoma(6675) ; breast cancer(5969) ; Control(5420) ; neuroblastoma(5199) ; Healthy(4962) ; melanoma(4754) ; multiple myeloma(4220) ; cancer(4108) ; Orphanet:399(4082) ; Normal(3915) ; Carcinoma(3734),,合并→ disease,Host,是,
190,altitude,315895,88.5617,,0(35144) ; 0.0(28390) ; 363 m(1530) ; C(1113) ; 91.1(825) ; 20 m(816) ; T(805) ; 0 m(740) ; 565(736) ; _fungi(553) ; sea level(456) ; 140 m(411) ; 887(411) ; 150 m(388) ; 3407(380),altitude,0(35144) ; 0.0(28390) ; 363 m(1530) ; C(1113) ; 91.1(825) ; 20 m(816) ; T(805) ; 0 m(740) ; 565(736) ; _fungi(553) ; sea level(456) ; 140 m(411) ; 887(411) ; 150 m(388) ; 3407(380),,规范键(其他并入它),Geography,是,
191,collection_timestamp,296874,88.5966,freetext/high-card,2011(5408) ; 2016(3783) ; Missing: Not provided(3049) ; 2017(2004) ; 1/1/59 0:00(1546) ; 10/13/14(1535) ; 2014(1312) ; 5/7/15 0:00(1119) ; 1/1/14 0:00(1117) ; 2015(949) ; 2013(942) ; 2012(927) ; 1/1/59(851) ; 2010(830) ; 9/1/11(779),collection_timestamp,,,独立键(仅自身),Time,是,
192,rel_to_oxygen,294870,88.6312,,,relationship to oxygen,,,合并→ relationship to oxygen,Sample,是,
193,population,294132,88.6658,,NewZealand cattle(7567) ; French Holstein(3723) ; White(2917) ; Chinese(2686) ; Dutch(2628) ; GB(2303) ; 1001panel(2256) ; Estonia(2240) ; F2(2039) ; Icelandic(1550) ; F3(1465) ; Qatari(1158) ; HEL(1150) ; Indian(1081) ; general population (KORA)(1026),population,NewZealand cattle(7567) ; French Holstein(3723) ; White(2917) ; Chinese(2686) ; Dutch(2628) ; GB(2303) ; 1001panel(2256) ; Estonia(2240) ; F2(2039) ; Icelandic(1550) ; F3(1465) ; Qatari(1158) ; HEL(1150) ; Indian(1081) ; general population (KORA)(1026),,独立键(仅自身),Host,是,
194,time,291247,88.7,freetext/high-card,8(2954) ; 6(2384) ; 11(2300) ; 5(2227) ; 0(2116) ; 24h(1826) ; 0h(1082) ; 48h(1074) ; 4(1060) ; D0 (without RFA)(1045) ; t2(896) ; 12(836) ; 2(784) ; 24(746) ; 2 hr(739),time,,,独立键(仅自身),Time,是,
195,physical_specimen_location,288551,88.7339,freetext/high-card,"UCSDMI(66955) ; University of Notre Dame(14371) ; NYU(12398) ; ANL(8918) ; UC Davis(5612) ; Cornell U(5105) ; Pawlowski Lab(3917) ; U Chicago(3593) ; CCME(3576) ; NYUMC(3368) ; Cambridge, MD(3315) ; Wash U(2516) ; NAU(2309) ; U Toronto(2250) ; UCSD(2156)",physical_specimen_location,,,独立键(仅自身),Admin,否,
196,dna_extracted,282384,88.767,categorical,TRUE(128162) ; True(41173) ; true(22219) ; Yes(5731) ; 1(969) ; y(456) ; YES(379) ; n(284) ; FALSE(226) ; yes(129) ; False(112) ; 10/1/16 12:00(88) ; not yet(22) ; No(6) ; LabControl test(1),dna_extracted,,,独立键(仅自身),Sequencing,否,
197,physical_specimen_remaining,281433,88.8001,categorical,"FALSE(66555) ; TRUE(66010) ; True(21204) ; true(17531) ; False(16273) ; Yes(6088) ; missing: not provided(3147) ; false(2686) ; 0(375) ; SecondGenome(60) ; n(43) ; University of Washington, Seattle(28) ; No(16) ; yes(9) ; TRUEes(1)",physical_specimen_remaining,,,独立键(仅自身),Admin,否,
198,host_taxid,279773,88.8329,,,host taxonomy ID,,,合并→ host taxonomy ID,Host,是,
199,ethnicity,277671,88.8655,,Caucasian(12074) ; caucasian(8940) ; Chinese(4970) ; Not Hispanic(4154) ; Asian(4076) ; Han(3169) ; Not Hispanic or Latino(3025) ; Hispanic(2962) ; non-hispanic(2880) ; White(2763) ; Mexican American(2480) ; European(2419) ; Black(2285) ; white(2177) ; NOT HISPANIC OR LATINO(1900),ethnicity,Caucasian(12074) ; caucasian(8940) ; Chinese(4970) ; Not Hispanic(4154) ; Asian(4076) ; Han(3169) ; Not Hispanic or Latino(3025) ; Hispanic(2962) ; non-hispanic(2880) ; White(2763) ; Mexican American(2480) ; European(2419) ; Black(2285) ; white(2177) ; NOT HISPANIC OR LATINO(1900),,规范键(其他并入它),Host,是,
200,host taxid,262644,88.8964,,,host taxonomy ID,,,合并→ host taxonomy ID,Host,是,
201,GISAID Accession ID,258877,88.9268,freetext/high-card,EPI_ISL_581816(5) ; EPI_ISL_581943(3) ; EPI_ISL_581968(3) ; EPI_ISL_581987(3) ; EPI_ISL_830740(3) ; EPI_ISL_830737(3) ; EPI_ISL_830736(3) ; EPI_ISL_830738(3) ; EPI_ISL_830739(3) ; EPI_ISL_896091(3) ; EPI_ISL_896116(3) ; EPI_ISL_581920(3) ; EPI_ISL_896101(3) ; EPI_ISL_896102(3) ; EPI_ISL_930962(3),GISAID accession,EPI_ISL_775021(2) ; EPI_ISL_775022(2) ; EPI_ISL_775023(2) ; EPI_ISL_775024(2) ; EPI_ISL_775025(2) ; EPI_ISL_775026(2) ; EPI_ISL_775027(2) ; EPI_ISL_775028(2) ; EPI_ISL_671595(2) ; EPI_ISL_1922126(2) ; EPI_ISL_436097(2) ; EPI_ISL_2604841(2) ; EPI_ISL_1167307(2) ; EPI_ISL_1167299(2) ; EPI_ISL_1167304(2),,合并→ GISAID accession,Admin,否,
202,host_common_name,258500,88.9571,,Human(202132) ; human(131424) ; mouse(17102) ; Savannah baboon(14371) ; maize(4739) ; Homo sapiens(3924) ; sponges(3142) ; mosquito(2262) ; pig(1917) ; Mus musculus(1609) ; house mouse(1429) ; pacific chub mackerel(1340) ; sheep(1326) ; tree swallow(1298) ; Pacific oyster(1224),host common name,Human(202132) ; human(131424) ; mouse(17102) ; Savannah baboon(14371) ; maize(4739) ; Homo sapiens(3924) ; sponges(3142) ; mosquito(2262) ; pig(1917) ; Mus musculus(1609) ; house mouse(1429) ; pacific chub mackerel(1340) ; sheep(1326) ; tree swallow(1298) ; Pacific oyster(1224),,规范键(其他并入它),Host,是,
203,body_product,256019,88.9872,,UBERON:feces(55033) ; Mucus(13277) ; UBERON:sebum(11338) ; UBERON:saliva(5573) ; UBERON:tissue(2687) ; UBERON:mucus(1938) ; UBERON:mucosa(1558) ; UBERON:mucosa of stomach(1305) ; UBERON:skin(992) ; stool(734) ; UBERON:fertilized egg(626) ; FMA:Feces(552) ; UBERON:digestive tract contents(393) ; UBERON:bodily fluid(364) ; UBERON:cecum mucosa(306),body product,UBERON:feces(55033) ; Mucus(13277) ; UBERON:sebum(11338) ; UBERON:saliva(5573) ; UBERON:tissue(2687) ; UBERON:mucus(1938) ; UBERON:mucosa(1558) ; UBERON:mucosa of stomach(1305) ; UBERON:skin(992) ; stool(734) ; UBERON:fertilized egg(626) ; FMA:Feces(552) ; UBERON:digestive tract contents(393) ; UBERON:bodily fluid(364) ; UBERON:cecum mucosa(306),,规范键(其他并入它),Sample,是,
204,habitat,251171,89.0167,freetext/high-card,"Woodland(2705) ; Terrestrial(844) ; Marine(550) ; Freshwater(518) ; Rough grass(515) ; water(447) ; Other(404) ; Root(334) ; Riverine(297) ; arboreal(293) ; land(277) ; Woodland, grassland, hedges(236) ; soil(230) ; seagrass(214) ; Exposed rocky foreshore (rockpools and boulders on sandstone pavement)(213)",habitat,,,独立键(仅自身),Environment,是,
205,geographic location (elevation),250661,89.0461,numeric,0(10885) ; 150(2561) ; 1(2177) ; 10(1994) ; 542.5(1345) ; 615(1312) ; 0-10(1231) ; 444(1173) ; 50(1167) ; 38(1086) ; 15(1073) ; 100(1016) ; 25(949) ; 11(930) ; 5(899),elevation,,,合并→ elevation,Geography,是,
206,batch,247563,89.0752,freetext/high-card,1(7897) ; 2(6400) ; batch_2(3170) ; 3(3079) ; batch_1(2385) ; 4(2101) ; b2(1476) ; b4(1452) ; b3(1356) ; b5(1344) ; b6(1152) ; b1(1042) ; batch1(867) ; batch_3(837) ; batch3(697),batch,,,独立键(仅自身),Admin,否,
207,Replicate,246904,89.1042,freetext/high-card,1(10281) ; 2(8888) ; R00(7208) ; 3(6178) ; Replicate1(2132) ; 4(1814) ; biological replicate 1(1782) ; biological replicate 2(1579) ; biological replicate 3(1360) ; A(1299) ; B(1088) ; 5(1014) ; C(943) ; Replicate 1(736) ; Replicate 2(734),replicate,,,独立键(仅自身),Sequencing,否,
208,anatomical_part,234758,89.1318,categorical,Nasopharynx (NP)(9470) ; Anterior Nares(6336) ; Nasopharynx(1076) ; Oropharynx (OP)(2) ; Placenta(1),host anatomical part,Nasal(38253) ; Nasopharynx (NP)(7652) ; Nasal Cavity(88) ; Oral cavity; Anus(56) ; nasopharynx(17) ; lung(16) ; Intestine(12) ; Anus(10) ; Middle Nasal Turbinate(5) ; Oropharynx (OP)(2) ; Trachea(1),,合并→ host anatomical part,Sample,是,
209,identifier_affiliation,233664,89.1592,freetext/high-card,University of Oxford(2817) ; Independent(2223) ; ROYAL BOTANIC GARDEN EDINBURGH(1539) ; MARINE BIOLOGICAL ASSOCIATION(1241) ; University of Nottingham(546) ; Environment Agency(469) ; NATURAL HISTORY MUSEUM(464) ; SANGER INSTITUTE(436) ; ROYAL BOTANIC GARDENS KEW(433) ; University of Edinburgh(396) ; CCAP(312) ; University of Exeter(258) ; MARINE BIOLOGICAL ASSOCIATION | MARINE BIOLOGICAL ASSOCIATION(249) ; NHM(219) ; CEAB-CSIC(212),identifier_affiliation,,,独立键(仅自身),Admin,否,
210,tolid,233383,89.1866,freetext/high-card,xgCorAspe14(40) ; xgCorAspe13(36) ; xgCorAspe10(34) ; bAccGen1(31) ; xgCorAspe8(31) ; xgCorAspe11(30) ; xgCorAspe12(29) ; ddBraNigr1(25) ; ddBraNigr2(25) ; ddBraNigr3(25) ; xgCorAspe15(24) ; wpGlyTrid1(23) ; uoThaRotu1(21) ; piColStei1(21) ; uhDiaLuth1(21),tolid,,,独立键(仅自身),Admin,否,
211,GAL,232540,89.2139,categorical,Sanger Institute(3646) ; University of Oxford(2846) ; Royal Botanic Gardens Kew(2838) ; Natural History Museum(2105) ; Royal Botanic Garden Edinburgh(1773) ; Marine Biological Association(1708) ; Geomar Helmholtz Centre(671) ; Nova Southeastern University(514) ; University of Derby(204) ; Dalhousie University(44) ; Queen Mary University of London(20),GAL,,,独立键(仅自身),Admin,否,
212,GAL_sample_id,231745,89.2412,freetext/high-card,SAN0001347(39) ; SAN0001346(35) ; SAN0001343(33) ; SAN0001365(30) ; SAN3000202(30) ; SAN0001341(30) ; SAN0001344(29) ; SAN0001345(28) ; JoeLopez NSU22601(24) ; KDTOL10230(24) ; KDTOL10231(24) ; KDTOL10232(24) ; SAN0001348(23) ; CCAP1085/20(20) ; CCAP1615/3(20),GAL_sample_id,,,独立键(仅自身),Admin,否,
213,country,228444,89.268,,,geographic location,,,合并→ geographic location,Geography,是,
214,lifestage,227787,89.2947,,adult(23299) ; Adult(3813) ; vegetative structure(2897) ; Missing: Not provided(2661) ; juvenile(1255) ; sporophyte(1192) ; gametophyte(763) ; Infant(644) ; Floweing stage(597) ; child(454) ; BBCH-13(403) ; BBCH-00(387) ; Larvae(348) ; Larva(337) ; offspring(264),life stage,adult(23299) ; Adult(3813) ; vegetative structure(2897) ; Missing: Not provided(2661) ; juvenile(1255) ; sporophyte(1192) ; gametophyte(763) ; Infant(644) ; Floweing stage(597) ; child(454) ; BBCH-13(403) ; BBCH-00(387) ; Larvae(348) ; Larva(337) ; offspring(264),,规范键(其他并入它),Host,是,
215,host_body_product,227187,89.3214,,UBERON:feces(33939) ; stool(27876) ; feces(11818) ; UBERON:sebum(8416) ; Stool(5691) ; UBERON:saliva(5244) ; UBERON:mucus(4269) ; Saliva(3515) ; buccal mucosa(3347) ; rectal(2705) ; saliva(2224) ; vaginal(2211) ; UBERON:lumen of gut(1980) ; UBERON:urine(1899) ; fecal pellet(1777),host body product,UBERON:feces(33939) ; stool(27876) ; feces(11818) ; UBERON:sebum(8416) ; Stool(5691) ; UBERON:saliva(5244) ; UBERON:mucus(4269) ; Saliva(3515) ; buccal mucosa(3347) ; rectal(2705) ; saliva(2224) ; vaginal(2211) ; UBERON:lumen of gut(1980) ; UBERON:urine(1899) ; fecal pellet(1777),,规范键(其他并入它),Sample,是,
216,ww_sample_duration,225405,89.3479,,,wastewater sample duration,,,合并→ wastewater sample duration,Time,是,
217,ww_sample_matrix,225381,89.3743,,,wastewater sample matrix,,,合并→ wastewater sample matrix,Sample,是,
218,ww_sample_type,225381,89.4008,,,wastewater sample type,,,合并→ wastewater sample type,Sample,是,
219,ww_population,225376,89.4273,,,wastewater population,,,合并→ wastewater population,Host,是,
220,food_origin,225259,89.4537,,,food product origin geographic location,,,合并→ food product origin geographic location,Geography,是,
221,ww_surv_target_1,225091,89.4802,,,wastewater surveillance target 1,,,合并→ wastewater surveillance target 1,Diagnostic,否,
222,ww_surv_target_1_known_present,225078,89.5066,,,wastewater surveillance target 1 known present,,,合并→ wastewater surveillance target 1 known present,Diagnostic,否,
223,tmp,224194,89.5329,numeric,1(1407) ; 2(1388) ; 3(1347) ; 4(1246) ; 5(1196) ; 6(1146) ; 7(1064) ; 8(1047) ; 9(1020) ; 10(979) ; 11(954) ; 12(941) ; 13(865) ; 14(854) ; 15(832),tmp,,,独立键(仅自身),Admin,否,
224,env feature,223015,89.5591,,,local-scale environmental context,,,合并→ local-scale environmental context,Environment,是,
225,timepoint,222481,89.5853,,1(11032) ; 0(10057) ; P7(5485) ; 2(5478) ; 48h(4947) ; 4(3931) ; 3(3689) ; KP_30w_ND(3208) ; P1(3194) ; T1(3025) ; E18.5(2852) ; 6h(2570) ; T2(2451) ; P21(2379) ; 24h(2261),timepoint,1(11032) ; 0(10057) ; P7(5485) ; 2(5478) ; 48h(4947) ; 4(3931) ; 3(3689) ; KP_30w_ND(3208) ; P1(3194) ; T1(3025) ; E18.5(2852) ; 6h(2570) ; T2(2451) ; P21(2379) ; 24h(2261),,独立键(仅自身),Time,是,
226,env biome,222398,89.6114,,,broad-scale environmental context,,,合并→ broad-scale environmental context,Environment,是,
227,sample description,221967,89.6374,,"Individual plants were grown in a greenhouse for 2 weeks using Quickpot QP 96 T propagation trays (Hermann Meyer). Two leaf segments (each approximately 3 cm in length and 0.5 to 0.8 cm wide) were placed in a 96-well polypropylene cluster tube (1.2 ml, 8 tube stripe format; Corning) containing one 4 mm glass bead (ROTH). A second glass bead was placed on top, and the tube was closed with 8-cap tube strips (Heinemann Labortechnik). Samples were frozen in liquid nitrogen and stored at -80°C.(21678) ; DNA libraries made by the addition of tailed oligos in a second round of PCR.(6121) ; Exome(4300) ; These data have been produced as part of The 3000 Rice Genome Project, which is an international effort to resequence a core collection of &gt;3000 rice accessions from 92 countries. With the release of the sequencing data, the project calls for the global rice community to take advantage of this data as a foundation for establishing a global, public rice genetic/genomic database and information platform for advancing rice breeding technology for future rice improvement. Please see the here http://dx.doi.org/10.5524/200001 for further details.(2998) ; genomic DNA from earclips(2100) ; genomic DNA(1566) ; Individual plants were grown in a greenhouse for 2 weeks using Quickpot QP 96 T propagation trays (Hermann Meyer). Two leaf segments (each approximately 3 cm in length and 0.5 to 0.8 cm wide) were placed in a 96-well polypropylene cluster tube (1.2 ml, 8 tube stripe format; Corning) containing one 4 mm glass bead (ROTH). A second glass bead was placed on top, and the tube was closed with 8-cap tube strips (Heinemann Labortechnik). Samples were frozen in liquid nitrogen and stored at -80 degree C.(1034) ; human stool sample(961) ; mRNAseq Nextera library made from RNA extracted from mutant Ba/F3 cells(960) ; DNA from blastocyst(788) ; 16S rRNA gene amplicons(786) ; mRNAseq Nextera library made from G4 ES cell line from a male blastocyst from a C57BL/6Ncr male x 129S6/SvEvTac female(772) ; Bovine(692) ; RNAseq library(672) ; DNA(625)",description,"Individual plants were grown in a greenhouse for 2 weeks using Quickpot QP 96 T propagation trays (Hermann Meyer). Two leaf segments (each approximately 3 cm in length and 0.5 to 0.8 cm wide) were placed in a 96-well polypropylene cluster tube (1.2 ml, 8 tube stripe format; Corning) containing one 4 mm glass bead (ROTH). A second glass bead was placed on top, and the tube was closed with 8-cap tube strips (Heinemann Labortechnik). Samples were frozen in liquid nitrogen and stored at -80°C.(21678) ; DNA libraries made by the addition of tailed oligos in a second round of PCR.(6121) ; Exome(4300) ; These data have been produced as part of The 3000 Rice Genome Project, which is an international effort to resequence a core collection of &gt;3000 rice accessions from 92 countries. With the release of the sequencing data, the project calls for the global rice community to take advantage of this data as a foundation for establishing a global, public rice genetic/genomic database and information platform for advancing rice breeding technology for future rice improvement. Please see the here http://dx.doi.org/10.5524/200001 for further details.(2998) ; genomic DNA from earclips(2100) ; genomic DNA(1566) ; Individual plants were grown in a greenhouse for 2 weeks using Quickpot QP 96 T propagation trays (Hermann Meyer). Two leaf segments (each approximately 3 cm in length and 0.5 to 0.8 cm wide) were placed in a 96-well polypropylene cluster tube (1.2 ml, 8 tube stripe format; Corning) containing one 4 mm glass bead (ROTH). A second glass bead was placed on top, and the tube was closed with 8-cap tube strips (Heinemann Labortechnik). Samples were frozen in liquid nitrogen and stored at -80 degree C.(1034) ; human stool sample(961) ; mRNAseq Nextera library made from RNA extracted from mutant Ba/F3 cells(960) ; DNA from blastocyst(788) ; 16S rRNA gene amplicons(786) ; mRNAseq Nextera library made from G4 ES cell line from a male blastocyst from a C57BL/6Ncr male x 129S6/SvEvTac female(772) ; Bovine(692) ; RNAseq library(672) ; DNA(625)",,合并→ description,Admin,否,
228,serotype,219706,89.6632,,O157:H7(10064) ; :H16(5627) ; O26:H11(4867) ; O103:H2(4444) ; O111:H8(3338) ; O13/O135:H14(2270) ; Emm28(2101) ; A(1586) ; O121:H19(1267) ; M89(1226) ; :H7(1081) ; O13:H14(987) ; O145:H28(881) ; 1/2a(847) ; :H2(805),serotype,O157:H7(10064) ; :H16(5627) ; O26:H11(4867) ; O103:H2(4444) ; O111:H8(3338) ; O13/O135:H14(2270) ; Emm28(2101) ; A(1586) ; O121:H19(1267) ; M89(1226) ; :H7(1081) ; O13:H14(987) ; O145:H28(881) ; 1/2a(847) ; :H2(805),,规范键(其他并入它),Sample,是,
229,ploidy,209070,89.6878,,diploid(31761) ; 2(6639) ; Diploid(5109) ; haploid(4950) ; 2n(2598) ; tetraploid(2339) ; 4n(2245) ; Haploid(1331) ; 2x(1191) ; 2N(776) ; 4X(747) ; autohexaploid(693) ; Polyploid(592) ; hexaploid PATO:0001384(556) ; 2N (non-dividing)(389),ploidy,diploid(31761) ; 2(6639) ; Diploid(5109) ; haploid(4950) ; 2n(2598) ; tetraploid(2339) ; 4n(2245) ; Haploid(1331) ; 2x(1191) ; 2N(776) ; 4X(747) ; autohexaploid(693) ; Polyploid(592) ; hexaploid PATO:0001384(556) ; 2N (non-dividing)(389),组装/分箱/MAG,独立键(仅自身),Assembly,否,
230,env package,207799,89.7122,,,environmental package,,,合并→ environmental package,Admin,否,
231,sequence_type,207124,89.7365,numeric,11(20804) ; 19(5431) ; 34(4846) ; 152(3558) ; 245(2805) ; 32(2106) ; Novel(1879) ; 1(1807) ; 13(1403) ; 21(1151) ; 36(958) ; 22(929) ; 121(922) ; 29(912) ; 50(898),sequence_type,,,独立键(仅自身),Sequencing,否,
232,host_life_stage,206243,89.7607,,adult(23363) ; Adult(3076) ; larva(1860) ; nymph(1734) ; infant(1196) ; Weaner(825) ; seedling(739) ; Seedling(707) ; juvenile(649) ; Nymph(568) ; post-weaned(495) ; dead(467) ; gametophyte(461) ; child(459) ; worker(417),host life stage,adult(23363) ; Adult(3076) ; larva(1860) ; nymph(1734) ; infant(1196) ; Weaner(825) ; seedling(739) ; Seedling(707) ; juvenile(649) ; Nymph(568) ; post-weaned(495) ; dead(467) ; gametophyte(461) ; child(459) ; worker(417),,规范键(其他并入它),Host,是,
233,culture_collection,206201,89.785,,"NARSA(241) ; ATCC:HTB-22(142) ; ATCC:CRL-4000(128) ; ATCC:CCL-247(113) ; ATCC:CRL-11268(99) ; ATCC:CRL-1500(48) ; ATCC:CRL-2629(48) ; Robert Koch Institute, Division of Nosocomial Pathogens and Antimicrobial Resistance, Wernigerode, Germany(46) ; ATCC:HTB-133(36) ; ATCC:CRL-2522(33) ; ATCC:CRL-1660(31) ; ATCC:CRL-1573(25) ; UTEX:1230(22) ; ATCC® CCL-229™(21) ; ATCC:19377(21)",culture collection,"NARSA(241) ; ATCC:HTB-22(142) ; ATCC:CRL-4000(128) ; ATCC:CCL-247(113) ; ATCC:CRL-11268(99) ; ATCC:CRL-1500(48) ; ATCC:CRL-2629(48) ; Robert Koch Institute, Division of Nosocomial Pathogens and Antimicrobial Resistance, Wernigerode, Germany(46) ; ATCC:HTB-133(36) ; ATCC:CRL-2522(33) ; ATCC:CRL-1660(31) ; ATCC:CRL-1573(25) ; UTEX:1230(22) ; ATCC® CCL-229™(21) ; ATCC:19377(21)",,规范键(其他并入它),Admin,否,
234,geo loc name,205924,89.8091,,,geographic location,,,合并→ geographic location,Geography,是,
235,derived_from,205520,89.8333,,"Human(1837) ; This BioSample is a metagenomic assembly obtained from the activated sludge metagenome BioSamples: SAMN08389165, SAMN08389166, SAMN08389167, SAMN08389168, SAMN08389169, SAMN08389170, SAMN08389171, SAMN08389172, SAMN08389173, SAMN08389174, SAMN08389175, SAMN08389176, SAMN08389177, SAMN08389178, SAMN08389179, SAMN08389180, SAMN08389181, SAMN08389182, SAMN08389183, SAMN08389184, SAMN08389185, SAMN08389186, SAMN08389187, SAMN08389188, SAMN08389189, SAMN08389190, SAMN08389191, SAMN08389192, SAMN08389193, SAMN08389194, SAMN08389195, SAMN08389196, SAMN08389197, SAMN08389198, SAMN08389199, SAMN08389200, SAMN08389201, SAMN08389202, SAMN08389203, SAMN08389204, SAMN08389205, SAMN08389206, SAMN08389207, SAMN08389208, SAMN08389209, SAMN08389210, SAMN08389211, SAMN08389212, SAMN08389213, SAMN08389214, SAMN08389215, SAMN08389216, SAMN08389217, SAMN08389218, SAMN08389219, SAMN08389220, SAMN08389221, SAMN08389222, SAMN08389223, SAMN08389224, SAMN08389225, SAMN08389226, SAMN08389227, SAMN08389228, SAM N08389229, SAMN08389230, SAMN08389231, SAMN08389232, SAMN08389233, SAMN08389234, SAMN08389235, SAMN08389236, SAMN08389237, SAMN08389238, SAMN08389239, SAMN08389240, SAMN08389241, SAMN08389242, SAMN08389243, SAMN08389244, SAMN08389245, SAMN08389246, SAMN08389247, SAMN08389248, SAMN08389249, SAMN08389250, SAMN08389251, SAMN08389252, SAMN08389253, SAMN08389254, SAMN08389255, SAMN08389256, SAMN08389257, SAMN08389258, SAMN08389259, SAMN08389260, SAMN08389261, and SAMN08389262(920) ; This BioSample is a metagenomic assembly obtained from the gut metagenome BioSamples: SAMN20206759,SAMN20206760,SAMN20206761,SAMN20206762,SAMN20206763,SAMN20206764,SAMN20206765,SAMN20206766,SAMN20206767,SAMN20206768,SAMN20206769,SAMN20206770,SAMN20206771,SAMN20206772,SAMN20206773,SAMN20206774,SAMN20206775,SAMN20206776,SAMN20206777,SAMN20206778,SAMN20206779,SAMN20206780,SAMN20206781,SAMN20206782,SAMN20206783,SAMN20206784,SAMN20206785,SAMN20206786,SAMN20206787,SAMN20206788,SAMN20206789,SAMN20206790,SAMN20206791,SAMN20206792,SAMN20206793,SAMN20206794,SAMN20206795,SAMN20206796,SAMN20206797,SAMN20206798,SAMN20206799,SAMN20206800,SAMN20206801,SAMN20206802(591) ; This BioSample is a metagenomic assembly obtained from the mouse gut metagenome BioSamples: SAMN14144348,SAMN14144349,SAMN14144350,SAMN14144351,SAMN14144352,SAMN14144353,SAMN14144354,SAMN14144355,SAMN14144356,SAMN14144357,SAMN14144358,SAMN14144359,SAMN14144360,SAMN14144361,SAMN14144362,SAMN14144363,SAMN14144364,SAMN14144365(590) ; This BioSample is a metagenomic assembly obtained from the mine drainage metagenome BioSamples: SAMN18898484, SAMN18898485, SAMN18898486, SAMN18898487, SAMN18898488, SAMN18898489, SAMN18898490, SAMN18898491, SAMN18898492, and SAMN18898493(566) ; This BioSample is a metagenomic assembly obtained from the Activated sludge metagenome BioSample:SAMN15648910(557) ; Human blood(556) ; This BioSample is a metagenomic assembly obtained from the human oral metagenome BioSample: SAMN09489426(527) ; This BioSample is a metagenomic assembly obtained from the groundwater metagenome BioSample: SAMN15459600(524) ; This BioSample is a metagenomic assembly obtained from the freshwater metagenome BioSample: SAMN17269717(516) ; This BioSample is a metagenomic assembly obtained from the PNA biofilm metagenome BioSample: SAMN14350132, SAMN14350134, SAMN14350135, SAMN14350144, SAMN14350146, SAMN14350147, SAMN14350154, SAMN14350155, SAMN14350160, SAMN14350166, SAMN14350167, SAMN14350168, SAMN14350177, SAMN14350178, SAMN14350179, SAMN14350189, SAMN14350190 and SAMN14350191.(430) ; PN9(418) ; PN8(418) ; This BioSample is a metagenomic assembly obtained from the bioreactor metagenome BioSamples: SAMN13418212, SAMN13418213, SAMN13418214, SAMN13418245, SAMN13418246, SAMN13418247, SAMN13418248, SAMN13418249, SAMN13418250, SAMN13418251, SAMN13418252, SAMN13418253, SAMN13418254, SAMN15778297, SAMN15778298, SAMN15778299, SAMN15778300, SAMN15778301, SAMN15778302, SAMN15778303, SAMN15778304, SAMN15778305, SAMN15778306, SAMN15778307, SAMN15778308, SAMN15778309, SAMN15778310, SAMN15778311, SAMN15778312, SAMN15778313, SAMN15778314, SAMN15778315, and SAMN15778316(403) ; Blood(401)",derived from,"Human(1837) ; This BioSample is a metagenomic assembly obtained from the activated sludge metagenome BioSamples: SAMN08389165, SAMN08389166, SAMN08389167, SAMN08389168, SAMN08389169, SAMN08389170, SAMN08389171, SAMN08389172, SAMN08389173, SAMN08389174, SAMN08389175, SAMN08389176, SAMN08389177, SAMN08389178, SAMN08389179, SAMN08389180, SAMN08389181, SAMN08389182, SAMN08389183, SAMN08389184, SAMN08389185, SAMN08389186, SAMN08389187, SAMN08389188, SAMN08389189, SAMN08389190, SAMN08389191, SAMN08389192, SAMN08389193, SAMN08389194, SAMN08389195, SAMN08389196, SAMN08389197, SAMN08389198, SAMN08389199, SAMN08389200, SAMN08389201, SAMN08389202, SAMN08389203, SAMN08389204, SAMN08389205, SAMN08389206, SAMN08389207, SAMN08389208, SAMN08389209, SAMN08389210, SAMN08389211, SAMN08389212, SAMN08389213, SAMN08389214, SAMN08389215, SAMN08389216, SAMN08389217, SAMN08389218, SAMN08389219, SAMN08389220, SAMN08389221, SAMN08389222, SAMN08389223, SAMN08389224, SAMN08389225, SAMN08389226, SAMN08389227, SAMN08389228, SAM N08389229, SAMN08389230, SAMN08389231, SAMN08389232, SAMN08389233, SAMN08389234, SAMN08389235, SAMN08389236, SAMN08389237, SAMN08389238, SAMN08389239, SAMN08389240, SAMN08389241, SAMN08389242, SAMN08389243, SAMN08389244, SAMN08389245, SAMN08389246, SAMN08389247, SAMN08389248, SAMN08389249, SAMN08389250, SAMN08389251, SAMN08389252, SAMN08389253, SAMN08389254, SAMN08389255, SAMN08389256, SAMN08389257, SAMN08389258, SAMN08389259, SAMN08389260, SAMN08389261, and SAMN08389262(920) ; This BioSample is a metagenomic assembly obtained from the gut metagenome BioSamples: SAMN20206759,SAMN20206760,SAMN20206761,SAMN20206762,SAMN20206763,SAMN20206764,SAMN20206765,SAMN20206766,SAMN20206767,SAMN20206768,SAMN20206769,SAMN20206770,SAMN20206771,SAMN20206772,SAMN20206773,SAMN20206774,SAMN20206775,SAMN20206776,SAMN20206777,SAMN20206778,SAMN20206779,SAMN20206780,SAMN20206781,SAMN20206782,SAMN20206783,SAMN20206784,SAMN20206785,SAMN20206786,SAMN20206787,SAMN20206788,SAMN20206789,SAMN20206790,SAMN20206791,SAMN20206792,SAMN20206793,SAMN20206794,SAMN20206795,SAMN20206796,SAMN20206797,SAMN20206798,SAMN20206799,SAMN20206800,SAMN20206801,SAMN20206802(591) ; This BioSample is a metagenomic assembly obtained from the mouse gut metagenome BioSamples: SAMN14144348,SAMN14144349,SAMN14144350,SAMN14144351,SAMN14144352,SAMN14144353,SAMN14144354,SAMN14144355,SAMN14144356,SAMN14144357,SAMN14144358,SAMN14144359,SAMN14144360,SAMN14144361,SAMN14144362,SAMN14144363,SAMN14144364,SAMN14144365(590) ; This BioSample is a metagenomic assembly obtained from the mine drainage metagenome BioSamples: SAMN18898484, SAMN18898485, SAMN18898486, SAMN18898487, SAMN18898488, SAMN18898489, SAMN18898490, SAMN18898491, SAMN18898492, and SAMN18898493(566) ; This BioSample is a metagenomic assembly obtained from the Activated sludge metagenome BioSample:SAMN15648910(557) ; Human blood(556) ; This BioSample is a metagenomic assembly obtained from the human oral metagenome BioSample: SAMN09489426(527) ; This BioSample is a metagenomic assembly obtained from the groundwater metagenome BioSample: SAMN15459600(524) ; This BioSample is a metagenomic assembly obtained from the freshwater metagenome BioSample: SAMN17269717(516) ; This BioSample is a metagenomic assembly obtained from the PNA biofilm metagenome BioSample: SAMN14350132, SAMN14350134, SAMN14350135, SAMN14350144, SAMN14350146, SAMN14350147, SAMN14350154, SAMN14350155, SAMN14350160, SAMN14350166, SAMN14350167, SAMN14350168, SAMN14350177, SAMN14350178, SAMN14350179, SAMN14350189, SAMN14350190 and SAMN14350191.(430) ; PN9(418) ; PN8(418) ; This BioSample is a metagenomic assembly obtained from the bioreactor metagenome BioSamples: SAMN13418212, SAMN13418213, SAMN13418214, SAMN13418245, SAMN13418246, SAMN13418247, SAMN13418248, SAMN13418249, SAMN13418250, SAMN13418251, SAMN13418252, SAMN13418253, SAMN13418254, SAMN15778297, SAMN15778298, SAMN15778299, SAMN15778300, SAMN15778301, SAMN15778302, SAMN15778303, SAMN15778304, SAMN15778305, SAMN15778306, SAMN15778307, SAMN15778308, SAMN15778309, SAMN15778310, SAMN15778311, SAMN15778312, SAMN15778313, SAMN15778314, SAMN15778315, and SAMN15778316(403) ; Blood(401)",,规范键(其他并入它),Sample,是,
236,chip antibody,204801,89.8573,freetext/high-card,"H3K4me3, Millipore 04-745, lot:3243412, H3K27me3,millipore 07-449, #3146226(6993) ; H3K27ac(4728) ; H3K36me3, Active motif, Cat. 61101(3273) ; H3K27ac, Abcam, ab4729, Lot: GR3205526-1(2980) ; H3K27ac, Abcam, ab4729, Lot: GR3211959-1(2165) ; none (input)(1664) ; H3K4me3(1635) ; H3K27me3(1363) ; RNA PolII, abcam, ab5408, Lot:GR205997-15(852) ; input(828) ; H3K4me1(804) ; H3K27ac (Abcam, ab4729)(707) ; Input(539) ; ERG(471) ; H3K27Ac(412)",chip antibody,,,独立键(仅自身),Sequencing,否,
237,purpose_of_ww_sampling,201832,89.881,,,purpose of wastewater sampling,,,合并→ purpose of wastewater sampling,Sequencing,否,
238,specimen_id,201544,89.9047,freetext/high-card,KDTOL00125(7) ; KDTOL00126(7) ; KDTOL00127(7) ; UDUK0000079(6) ; NHMUK_20200309_3(5) ; NHMUK_20200309_1(5) ; KDTOL00124(5) ; BW1-3(4) ; spalax_976(4) ; spalax_600(4) ; mouse_512(4) ; mouse_1023(4) ; mouse_1019(4) ; spalax_2230(4) ; spalax_2240(4),specimen_id,,,独立键(仅自身),Admin,否,
239,potential_contaminant,201410,89.9284,freetext/high-card,None detected(84115) ; not_checked(7800) ; Shigella flexneri K-218(525) ; Listeria monocytogenes FSL F2-515(457) ; Shigella sonnei Ss046 uid58217(396) ; Morganella morganii subsp. morganii KT(221) ; Shigella flexneri 2a 301 uid62907(174) ; Listeria monocytogenes J1 220 uid179735(162) ; Shigella flexneri 2002017 uid159233(134) ; Campylobacter jejuni NCTC 11168 BN148 uid174152(117) ; Salmonella enterica subsp II salamae(113) ; Escherichia coli clone D i2 uid162047(91) ; Escherichia coli K 12 substr W3110 uid161931(77) ; Listeria monocytogenes FSL N1-017(72) ; Escherichia coli SE15 uid161939(69),potential_contaminant,,,独立键(仅自身),Sequencing,否,
240,target gene,200865,89.9519,freetext/high-card,16S rRNA(19806) ; 16S(9847) ; 18S(7749) ; 16S rRNA gene(4708) ; ITS(4409) ; 16s rRNA(2585) ; 18S_rRNA(2435) ; V4(2197) ; SSU rRNA(1927) ; 18S rRNA(1734) ; 16S rDNA(1477) ; ITS rRNA(1293) ; ITS1(1122) ; ITS2(1033) ; 16s(884),target gene,,,独立键(仅自身),Sequencing,否,
241,sample_id,199686,89.9754,freetext/high-card,1(64) ; 2(62) ; 3(62) ; 11(58) ; 4(57) ; 10(57) ; 12(57) ; 5(56) ; 6(56) ; 13(56) ; 14(55) ; 15(55) ; 16(55) ; 17(53) ; 20(53),sample_id,,,独立键(仅自身),Admin,否,
242,host_genotype,194417,89.9982,,C57BL/6J(2647) ; C57BL/6(2340) ; WT(2022) ; Balb/c(1392) ; C57BL/6N(1225) ; C57Bl/6J(1207) ; Gnotobiotic C57BL/6(1114) ; wild-type(763) ; Large White x Landrace(734) ; Col-0(687) ; wildtype(459) ; Wild-type(444) ; BKS.Cg-Dock7m +/+ Leprdb/J(432) ; IL10KO(412) ; Ross 708(409),host genotype,C57BL/6J(2647) ; C57BL/6(2340) ; WT(2022) ; Balb/c(1392) ; C57BL/6N(1225) ; C57Bl/6J(1207) ; Gnotobiotic C57BL/6(1114) ; wild-type(763) ; Large White x Landrace(734) ; Col-0(687) ; wildtype(459) ; Wild-type(444) ; BKS.Cg-Dock7m +/+ Leprdb/J(432) ; IL10KO(412) ; Ross 708(409),,规范键(其他并入它),Host,是,
243,disease_stage,193206,90.0209,,30w(3826) ; baseline(3824) ; 12w(1350) ; IIa-IIIb(1295) ; 72 hours post infection(1196) ; IV(1014) ; before inoculation(979) ; primary(837) ; Diagnosis(696) ; 20w(672) ; CWD-free(631) ; II(538) ; Asymptomatic(509) ; I(485) ; 2w(482),disease stage,30w(3826) ; baseline(3824) ; 12w(1350) ; IIa-IIIb(1295) ; 72 hours post infection(1196) ; IV(1014) ; before inoculation(979) ; primary(837) ; Diagnosis(696) ; 20w(672) ; CWD-free(631) ; II(538) ; Asymptomatic(509) ; I(485) ; 2w(482),,规范键(其他并入它),Host,是,
